{
  "player": {
    "position": [
      200,
      300
    ]
  },
  "consumables_on_ground": [],
  "items_on_ground": [],
  "money_piles_on_ground": [],
  "non_player_characters": [
    {
      "npc_type": "NEUTRAL_CHALLENGE_STARTER",
      "position": [
        450,
        275
      ]
    },
    {
      "npc_type": "NECROMANCER",
      "position": [
        2075,
        525
      ]
    },
    {
      "npc_type": "NECROMANCER",
      "position": [
        2075,
        300
      ]
    },
    {
      "npc_type": "GOBLIN_WORKER",
      "position": [
        2000,
        550
      ]
    },
    {
      "npc_type": "GOBLIN_WORKER",
      "position": [
        2075,
        400
      ]
    },
    {
      "npc_type": "GOBLIN_WORKER",
      "position": [
        1925,
        325
      ]
    },
    {
      "npc_type": "GOBLIN_WARLOCK",
      "position": [
        1975,
        925
      ]
    },
    {
      "npc_type": "GOBLIN_WARLOCK",
      "position": [
        2100,
        950
      ]
    },
    {
      "npc_type": "GOBLIN_SPEARMAN",
      "position": [
        1950,
        850
      ]
    },
    {
      "npc_type": "MUMMY",
      "position": [
        1550,
        900
      ]
    },
    {
      "npc_type": "ZOMBIE",
      "position": [
        1650,
        825
      ]
    },
    {
      "npc_type": "RAT_1",
      "position": [
        1400,
        900
      ]
    },
    {
      "npc_type": "RAT_2",
      "position": [
        1500,
        925
      ]
    },
    {
      "npc_type": "RAT_2",
      "position": [
        1400,
        725
      ]
    },
    {
      "npc_type": "RAT_2",
      "position": [
        1525,
        775
      ]
    },
    {
      "npc_type": "GOBLIN_SPEARMAN",
      "position": [
        1325,
        950
      ]
    },
    {
      "npc_type": "GOBLIN_SPEARMAN",
      "position": [
        1450,
        800
      ]
    },
    {
      "npc_type": "GOBLIN_WORKER",
      "position": [
        2050,
        875
      ]
    },
    {
      "npc_type": "ICE_WITCH",
      "position": [
        1475,
        1300
      ]
    },
    {
      "npc_type": "WARRIOR",
      "position": [
        1625,
        1250
      ]
    },
    {
      "npc_type": "ICE_WITCH",
      "position": [
        1350,
        1150
      ]
    },
    {
      "npc_type": "VETERAN",
      "position": [
        2100,
        1200
      ]
    },
    {
      "npc_type": "GOBLIN_SPEARMAN_ELITE",
      "position": [
        2100,
        1300
      ]
    },
    {
      "npc_type": "NECROMANCER",
      "position": [
        1900,
        1225
      ]
    },
    {
      "npc_type": "ICE_WITCH",
      "position": [
        1900,
        1300
      ]
    },
    {
      "npc_type": "GOBLIN_WARLOCK",
      "position": [
        1900,
        1150
      ]
    }
  ],
  "walls": [
    {
      "wall_type": "WALL_DIRECTIONAL_NE",
      "position": [
        525,
        100
      ]
    },
    {
      "wall_type": "WALL_DIRECTIONAL_E",
      "position": [
        525,
        125
      ]
    },
    {
      "wall_type": "WALL_DIRECTIONAL_E",
      "position": [
        525,
        150
      ]
    },
    {
      "wall_type": "WALL_DIRECTIONAL_E",
      "position": [
        525,
        175
      ]
    },
    {
      "wall_type": "WALL_DIRECTIONAL_E",
      "position": [
        525,
        200
      ]
    },
    {
      "wall_type": "WALL_DIRECTIONAL_E",
      "position": [
        525,
        225
      ]
    },
    {
      "wall_type": "WALL_DIRECTIONAL_E",
      "position": [
        525,
        250
      ]
    },
    {
      "wall_type": "WALL_DIRECTIONAL_E",
      "position": [
        525,
        275
      ]
    },
    {
      "wall_type": "WALL_DIRECTIONAL_E",
      "position": [
        525,
        300
      ]
    },
    {
      "wall_type": "WALL_DIRECTIONAL_E",
      "position": [
        525,
        325
      ]
    },
    {
      "wall_type": "WALL_DIRECTIONAL_E",
      "position": [
        525,
        350
      ]
    },
    {
      "wall_type": "WALL_DIRECTIONAL_E",
      "position": [
        525,
        375
      ]
    },
    {
      "wall_type": "WALL_DIRECTIONAL_E",
      "position": [
        525,
        400
      ]
    },
    {
      "wall_type": "WALL_DIRECTIONAL_E",
      "position": [
        525,
        425
      ]
    },
    {
      "wall_type": "WALL_DIRECTIONAL_E",
      "position": [
        525,
        450
      ]
    },
    {
      "wall_type": "WALL_DIRECTIONAL_SE",
      "position": [
        525,
        475
      ]
    },
    {
      "wall_type": "WALL_DIRECTIONAL_S",
      "position": [
        500,
        475
      ]
    },
    {
      "wall_type": "WALL_DIRECTIONAL_S",
      "position": [
        475,
        475
      ]
    },
    {
      "wall_type": "WALL_DIRECTIONAL_S",
      "position": [
        450,
        475
      ]
    },
    {
      "wall_type": "WALL_DIRECTIONAL_S",
      "position": [
        425,
        475
      ]
    },
    {
      "wall_type": "WALL_DIRECTIONAL_S",
      "position": [
        400,
        475
      ]
    },
    {
      "wall_type": "WALL_DIRECTIONAL_S",
      "position": [
        375,
        475
      ]
    },
    {
      "wall_type": "WALL_DIRECTIONAL_S",
      "position": [
        350,
        475
      ]
    },
    {
      "wall_type": "WALL_DIRECTIONAL_S",
      "position": [
        325,
        475
      ]
    },
    {
      "wall_type": "WALL_DIRECTIONAL_S",
      "position": [
        300,
        475
      ]
    },
    {
      "wall_type": "WALL_DIRECTIONAL_S",
      "position": [
        275,
        475
      ]
    },
    {
      "wall_type": "WALL_DIRECTIONAL_S",
      "position": [
        250,
        475
      ]
    },
    {
      "wall_type": "WALL_DIRECTIONAL_S",
      "position": [
        225,
        475
      ]
    },
    {
      "wall_type": "WALL_DIRECTIONAL_S",
      "position": [
        200,
        475
      ]
    },
    {
      "wall_type": "WALL_DIRECTIONAL_S",
      "position": [
        175,
        475
      ]
    },
    {
      "wall_type": "WALL_DIRECTIONAL_SW",
      "position": [
        150,
        475
      ]
    },
    {
      "wall_type": "WALL_DIRECTIONAL_W",
      "position": [
        150,
        450
      ]
    },
    {
      "wall_type": "WALL_DIRECTIONAL_W",
      "position": [
        150,
        425
      ]
    },
    {
      "wall_type": "WALL_DIRECTIONAL_W",
      "position": [
        150,
        400
      ]
    },
    {
      "wall_type": "WALL_DIRECTIONAL_W",
      "position": [
        150,
        375
      ]
    },
    {
      "wall_type": "WALL_DIRECTIONAL_W",
      "position": [
        150,
        350
      ]
    },
    {
      "wall_type": "WALL_DIRECTIONAL_W",
      "position": [
        150,
        325
      ]
    },
    {
      "wall_type": "WALL_DIRECTIONAL_W",
      "position": [
        150,
        300
      ]
    },
    {
      "wall_type": "WALL_DIRECTIONAL_W",
      "position": [
        150,
        275
      ]
    },
    {
      "wall_type": "WALL_DIRECTIONAL_W",
      "position": [
        150,
        250
      ]
    },
    {
      "wall_type": "WALL_DIRECTIONAL_W",
      "position": [
        150,
        225
      ]
    },
    {
      "wall_type": "WALL_DIRECTIONAL_W",
      "position": [
        150,
        200
      ]
    },
    {
      "wall_type": "WALL_DIRECTIONAL_W",
      "position": [
        150,
        175
      ]
    },
    {
      "wall_type": "WALL_DIRECTIONAL_W",
      "position": [
        150,
        150
      ]
    },
    {
      "wall_type": "WALL_DIRECTIONAL_W",
      "position": [
        150,
        125
      ]
    },
    {
      "wall_type": "WALL_DIRECTIONAL_NW",
      "position": [
        150,
        100
      ]
    },
    {
      "wall_type": "WALL_DIRECTIONAL_N",
      "position": [
        175,
        100
      ]
    },
    {
      "wall_type": "WALL_DIRECTIONAL_N",
      "position": [
        200,
        100
      ]
    },
    {
      "wall_type": "WALL_DIRECTIONAL_N",
      "position": [
        225,
        100
      ]
    },
    {
      "wall_type": "WALL_DIRECTIONAL_N",
      "position": [
        250,
        100
      ]
    },
    {
      "wall_type": "WALL_DIRECTIONAL_N",
      "position": [
        275,
        100
      ]
    },
    {
      "wall_type": "WALL_DIRECTIONAL_N",
      "position": [
        300,
        100
      ]
    },
    {
      "wall_type": "WALL_DIRECTIONAL_N",
      "position": [
        325,
        100
      ]
    },
    {
      "wall_type": "WALL_DIRECTIONAL_N",
      "position": [
        350,
        100
      ]
    },
    {
      "wall_type": "WALL_DIRECTIONAL_N",
      "position": [
        375,
        100
      ]
    },
    {
      "wall_type": "WALL_DIRECTIONAL_N",
      "position": [
        400,
        100
      ]
    },
    {
      "wall_type": "WALL_DIRECTIONAL_N",
      "position": [
        425,
        100
      ]
    },
    {
      "wall_type": "WALL_DIRECTIONAL_N",
      "position": [
        450,
        100
      ]
    },
    {
      "wall_type": "WALL_DIRECTIONAL_N",
      "position": [
        475,
        100
      ]
    },
    {
      "wall_type": "WALL_DIRECTIONAL_N",
      "position": [
        500,
        100
      ]
    },
    {
      "wall_type": "WALL_DIRECTIONAL_N",
      "position": [
        1500,
        200
      ]
    },
    {
      "wall_type": "WALL_DIRECTIONAL_N",
      "position": [
        1475,
        200
      ]
    },
    {
      "wall_type": "WALL_DIRECTIONAL_N",
      "position": [
        1450,
        200
      ]
    },
    {
      "wall_type": "WALL_DIRECTIONAL_N",
      "position": [
        1425,
        200
      ]
    },
    {
      "wall_type": "WALL_DIRECTIONAL_N",
      "position": [
        1400,
        200
      ]
    },
    {
      "wall_type": "WALL_DIRECTIONAL_N",
      "position": [
        1375,
        200
      ]
    },
    {
      "wall_type": "WALL_DIRECTIONAL_N",
      "position": [
        1350,
        200
      ]
    },
    {
      "wall_type": "WALL_DIRECTIONAL_N",
      "position": [
        1325,
        200
      ]
    },
    {
      "wall_type": "WALL_DIRECTIONAL_N",
      "position": [
        1300,
        200
      ]
    },
    {
      "wall_type": "WALL_DIRECTIONAL_N",
      "position": [
        1275,
        200
      ]
    },
    {
      "wall_type": "WALL_DIRECTIONAL_N",
      "position": [
        1525,
        200
      ]
    },
    {
      "wall_type": "WALL_DIRECTIONAL_N",
      "position": [
        1550,
        200
      ]
    },
    {
      "wall_type": "WALL_DIRECTIONAL_N",
      "position": [
        1575,
        200
      ]
    },
    {
      "wall_type": "WALL_DIRECTIONAL_N",
      "position": [
        1600,
        200
      ]
    },
    {
      "wall_type": "WALL_DIRECTIONAL_N",
      "position": [
        1625,
        200
      ]
    },
    {
      "wall_type": "WALL_DIRECTIONAL_N",
      "position": [
        1650,
        200
      ]
    },
    {
      "wall_type": "WALL_DIRECTIONAL_N",
      "position": [
        1675,
        200
      ]
    },
    {
      "wall_type": "WALL_DIRECTIONAL_N",
      "position": [
        1700,
        200
      ]
    },
    {
      "wall_type": "WALL_DIRECTIONAL_N",
      "position": [
        1725,
        200
      ]
    },
    {
      "wall_type": "WALL_DIRECTIONAL_N",
      "position": [
        1750,
        200
      ]
    },
    {
      "wall_type": "WALL_DIRECTIONAL_NW",
      "position": [
        1250,
        200
      ]
    },
    {
      "wall_type": "WALL_DIRECTIONAL_W",
      "position": [
        1250,
        225
      ]
    },
    {
      "wall_type": "WALL_DIRECTIONAL_W",
      "position": [
        1250,
        250
      ]
    },
    {
      "wall_type": "WALL_DIRECTIONAL_W",
      "position": [
        1250,
        275
      ]
    },
    {
      "wall_type": "WALL_DIRECTIONAL_W",
      "position": [
        1250,
        300
      ]
    },
    {
      "wall_type": "WALL_DIRECTIONAL_W",
      "position": [
        1250,
        325
      ]
    },
    {
      "wall_type": "WALL_DIRECTIONAL_W",
      "position": [
        1250,
        350
      ]
    },
    {
      "wall_type": "WALL_DIRECTIONAL_W",
      "position": [
        1250,
        375
      ]
    },
    {
      "wall_type": "WALL_DIRECTIONAL_W",
      "position": [
        1250,
        400
      ]
    },
    {
      "wall_type": "WALL_DIRECTIONAL_W",
      "position": [
        1250,
        425
      ]
    },
    {
      "wall_type": "WALL_DIRECTIONAL_W",
      "position": [
        1250,
        450
      ]
    },
    {
      "wall_type": "WALL_DIRECTIONAL_W",
      "position": [
        1250,
        475
      ]
    },
    {
      "wall_type": "WALL_DIRECTIONAL_W",
      "position": [
        1250,
        500
      ]
    },
    {
      "wall_type": "WALL_DIRECTIONAL_W",
      "position": [
        1250,
        525
      ]
    },
    {
      "wall_type": "WALL_DIRECTIONAL_W",
      "position": [
        1250,
        550
      ]
    },
    {
      "wall_type": "WALL_DIRECTIONAL_W",
      "position": [
        1250,
        575
      ]
    },
    {
      "wall_type": "WALL_DIRECTIONAL_W",
      "position": [
        1250,
        600
      ]
    },
    {
      "wall_type": "WALL_DIRECTIONAL_SW",
      "position": [
        1250,
        625
      ]
    },
    {
      "wall_type": "WALL_DIRECTIONAL_S",
      "position": [
        1275,
        625
      ]
    },
    {
      "wall_type": "WALL_DIRECTIONAL_S",
      "position": [
        1300,
        625
      ]
    },
    {
      "wall_type": "WALL_DIRECTIONAL_S",
      "position": [
        1350,
        625
      ]
    },
    {
      "wall_type": "WALL_DIRECTIONAL_S",
      "position": [
        1375,
        625
      ]
    },
    {
      "wall_type": "WALL_DIRECTIONAL_S",
      "position": [
        1425,
        625
      ]
    },
    {
      "wall_type": "WALL_DIRECTIONAL_S",
      "position": [
        1625,
        625
      ]
    },
    {
      "wall_type": "WALL_DIRECTIONAL_S",
      "position": [
        1650,
        625
      ]
    },
    {
      "wall_type": "WALL_DIRECTIONAL_S",
      "position": [
        1325,
        625
      ]
    },
    {
      "wall_type": "WALL_DIRECTIONAL_S",
      "position": [
        1400,
        625
      ]
    },
    {
      "wall_type": "WALL_DIRECTIONAL_S",
      "position": [
        1600,
        625
      ]
    },
    {
      "wall_type": "WALL_DIRECTIONAL_S",
      "position": [
        1675,
        625
      ]
    },
    {
      "wall_type": "WALL_DIRECTIONAL_S",
      "position": [
        1700,
        625
      ]
    },
    {
      "wall_type": "WALL_DIRECTIONAL_S",
      "position": [
        1725,
        625
      ]
    },
    {
      "wall_type": "WALL_DIRECTIONAL_S",
      "position": [
        1750,
        625
      ]
    },
    {
      "wall_type": "WALL_DIRECTIONAL_SE",
      "position": [
        1775,
        625
      ]
    },
    {
      "wall_type": "WALL_DIRECTIONAL_E",
      "position": [
        1775,
        600
      ]
    },
    {
      "wall_type": "WALL_DIRECTIONAL_E",
      "position": [
        1775,
        575
      ]
    },
    {
      "wall_type": "WALL_DIRECTIONAL_E",
      "position": [
        1775,
        550
      ]
    },
    {
      "wall_type": "WALL_DIRECTIONAL_E",
      "position": [
        1775,
        525
      ]
    },
    {
      "wall_type": "WALL_DIRECTIONAL_E",
      "position": [
        1775,
        500
      ]
    },
    {
      "wall_type": "WALL_DIRECTIONAL_NE",
      "position": [
        1775,
        200
      ]
    },
    {
      "wall_type": "WALL_DIRECTIONAL_E",
      "position": [
        1775,
        225
      ]
    },
    {
      "wall_type": "WALL_DIRECTIONAL_E",
      "position": [
        1775,
        250
      ]
    },
    {
      "wall_type": "WALL_DIRECTIONAL_E",
      "position": [
        1775,
        275
      ]
    },
    {
      "wall_type": "WALL_DIRECTIONAL_E",
      "position": [
        1775,
        300
      ]
    },
    {
      "wall_type": "WALL_DIRECTIONAL_E",
      "position": [
        1775,
        325
      ]
    },
    {
      "wall_type": "WALL_DIRECTIONAL_POINTY_NE",
      "position": [
        1775,
        350
      ]
    },
    {
      "wall_type": "WALL_DIRECTIONAL_POINTY_SE",
      "position": [
        1775,
        475
      ]
    },
    {
      "wall_type": "WALL_DIRECTIONAL_N",
      "position": [
        1800,
        350
      ]
    },
    {
      "wall_type": "WALL_DIRECTIONAL_POINTY_NW",
      "position": [
        1825,
        350
      ]
    },
    {
      "wall_type": "WALL_DIRECTIONAL_W",
      "position": [
        1825,
        325
      ]
    },
    {
      "wall_type": "WALL_DIRECTIONAL_W",
      "position": [
        1825,
        300
      ]
    },
    {
      "wall_type": "WALL_DIRECTIONAL_W",
      "position": [
        1825,
        275
      ]
    },
    {
      "wall_type": "WALL_DIRECTIONAL_W",
      "position": [
        1825,
        250
      ]
    },
    {
      "wall_type": "WALL_DIRECTIONAL_W",
      "position": [
        1825,
        225
      ]
    },
    {
      "wall_type": "WALL_DIRECTIONAL_NW",
      "position": [
        1825,
        200
      ]
    },
    {
      "wall_type": "WALL_DIRECTIONAL_N",
      "position": [
        1850,
        200
      ]
    },
    {
      "wall_type": "WALL_DIRECTIONAL_N",
      "position": [
        1875,
        200
      ]
    },
    {
      "wall_type": "WALL_DIRECTIONAL_N",
      "position": [
        1900,
        200
      ]
    },
    {
      "wall_type": "WALL_DIRECTIONAL_N",
      "position": [
        1925,
        200
      ]
    },
    {
      "wall_type": "WALL_DIRECTIONAL_N",
      "position": [
        1950,
        200
      ]
    },
    {
      "wall_type": "WALL_DIRECTIONAL_N",
      "position": [
        1975,
        200
      ]
    },
    {
      "wall_type": "WALL_DIRECTIONAL_N",
      "position": [
        2000,
        200
      ]
    },
    {
      "wall_type": "WALL_DIRECTIONAL_N",
      "position": [
        2025,
        200
      ]
    },
    {
      "wall_type": "WALL_DIRECTIONAL_N",
      "position": [
        2050,
        200
      ]
    },
    {
      "wall_type": "WALL_DIRECTIONAL_N",
      "position": [
        2075,
        200
      ]
    },
    {
      "wall_type": "WALL_DIRECTIONAL_N",
      "position": [
        2100,
        200
      ]
    },
    {
      "wall_type": "WALL_DIRECTIONAL_N",
      "position": [
        2125,
        200
      ]
    },
    {
      "wall_type": "WALL_DIRECTIONAL_N",
      "position": [
        2150,
        200
      ]
    },
    {
      "wall_type": "WALL_DIRECTIONAL_S",
      "position": [
        1800,
        475
      ]
    },
    {
      "wall_type": "WALL_DIRECTIONAL_POINTY_SW",
      "position": [
        1825,
        475
      ]
    },
    {
      "wall_type": "WALL_DIRECTIONAL_W",
      "position": [
        1825,
        500
      ]
    },
    {
      "wall_type": "WALL_DIRECTIONAL_W",
      "position": [
        1825,
        525
      ]
    },
    {
      "wall_type": "WALL_DIRECTIONAL_W",
      "position": [
        1825,
        550
      ]
    },
    {
      "wall_type": "WALL_DIRECTIONAL_W",
      "position": [
        1825,
        575
      ]
    },
    {
      "wall_type": "WALL_DIRECTIONAL_W",
      "position": [
        1825,
        600
      ]
    },
    {
      "wall_type": "WALL_DIRECTIONAL_SW",
      "position": [
        1825,
        625
      ]
    },
    {
      "wall_type": "WALL_DIRECTIONAL_S",
      "position": [
        1850,
        625
      ]
    },
    {
      "wall_type": "WALL_DIRECTIONAL_S",
      "position": [
        1875,
        625
      ]
    },
    {
      "wall_type": "WALL_DIRECTIONAL_S",
      "position": [
        1900,
        625
      ]
    },
    {
      "wall_type": "WALL_DIRECTIONAL_S",
      "position": [
        1925,
        625
      ]
    },
    {
      "wall_type": "WALL_DIRECTIONAL_S",
      "position": [
        2100,
        625
      ]
    },
    {
      "wall_type": "WALL_DIRECTIONAL_S",
      "position": [
        2125,
        625
      ]
    },
    {
      "wall_type": "WALL_DIRECTIONAL_S",
      "position": [
        2150,
        625
      ]
    },
    {
      "wall_type": "WALL_DIRECTIONAL_SE",
      "position": [
        2175,
        625
      ]
    },
    {
      "wall_type": "WALL_DIRECTIONAL_E",
      "position": [
        2175,
        600
      ]
    },
    {
      "wall_type": "WALL_DIRECTIONAL_E",
      "position": [
        2175,
        575
      ]
    },
    {
      "wall_type": "WALL_DIRECTIONAL_E",
      "position": [
        2175,
        550
      ]
    },
    {
      "wall_type": "WALL_DIRECTIONAL_E",
      "position": [
        2175,
        525
      ]
    },
    {
      "wall_type": "WALL_DIRECTIONAL_E",
      "position": [
        2175,
        500
      ]
    },
    {
      "wall_type": "WALL_DIRECTIONAL_E",
      "position": [
        2175,
        475
      ]
    },
    {
      "wall_type": "WALL_DIRECTIONAL_E",
      "position": [
        2175,
        450
      ]
    },
    {
      "wall_type": "WALL_DIRECTIONAL_E",
      "position": [
        2175,
        425
      ]
    },
    {
      "wall_type": "WALL_DIRECTIONAL_E",
      "position": [
        2175,
        400
      ]
    },
    {
      "wall_type": "WALL_DIRECTIONAL_E",
      "position": [
        2175,
        375
      ]
    },
    {
      "wall_type": "WALL_DIRECTIONAL_E",
      "position": [
        2175,
        350
      ]
    },
    {
      "wall_type": "WALL_DIRECTIONAL_E",
      "position": [
        2175,
        325
      ]
    },
    {
      "wall_type": "WALL_DIRECTIONAL_E",
      "position": [
        2175,
        300
      ]
    },
    {
      "wall_type": "WALL_DIRECTIONAL_E",
      "position": [
        2175,
        275
      ]
    },
    {
      "wall_type": "WALL_DIRECTIONAL_E",
      "position": [
        2175,
        250
      ]
    },
    {
      "wall_type": "WALL_DIRECTIONAL_E",
      "position": [
        2175,
        225
      ]
    },
    {
      "wall_type": "WALL_DIRECTIONAL_NE",
      "position": [
        2175,
        200
      ]
    },
    {
      "wall_type": "WALL_DIRECTIONAL_N",
      "position": [
        1425,
        675
      ]
    },
    {
      "wall_type": "WALL_DIRECTIONAL_N",
      "position": [
        1400,
        675
      ]
    },
    {
      "wall_type": "WALL_DIRECTIONAL_N",
      "position": [
        1375,
        675
      ]
    },
    {
      "wall_type": "WALL_DIRECTIONAL_N",
      "position": [
        1350,
        675
      ]
    },
    {
      "wall_type": "WALL_DIRECTIONAL_N",
      "position": [
        1325,
        675
      ]
    },
    {
      "wall_type": "WALL_DIRECTIONAL_N",
      "position": [
        1300,
        675
      ]
    },
    {
      "wall_type": "WALL_DIRECTIONAL_N",
      "position": [
        1275,
        675
      ]
    },
    {
      "wall_type": "WALL_DIRECTIONAL_NW",
      "position": [
        1250,
        675
      ]
    },
    {
      "wall_type": "WALL_DIRECTIONAL_W",
      "position": [
        1250,
        700
      ]
    },
    {
      "wall_type": "WALL_DIRECTIONAL_W",
      "position": [
        1250,
        725
      ]
    },
    {
      "wall_type": "WALL_DIRECTIONAL_W",
      "position": [
        1250,
        750
      ]
    },
    {
      "wall_type": "WALL_DIRECTIONAL_W",
      "position": [
        1250,
        775
      ]
    },
    {
      "wall_type": "WALL_DIRECTIONAL_W",
      "position": [
        1250,
        800
      ]
    },
    {
      "wall_type": "WALL_DIRECTIONAL_W",
      "position": [
        1250,
        825
      ]
    },
    {
      "wall_type": "WALL_DIRECTIONAL_W",
      "position": [
        1250,
        850
      ]
    },
    {
      "wall_type": "WALL_DIRECTIONAL_W",
      "position": [
        1250,
        875
      ]
    },
    {
      "wall_type": "WALL_DIRECTIONAL_W",
      "position": [
        1250,
        900
      ]
    },
    {
      "wall_type": "WALL_DIRECTIONAL_W",
      "position": [
        1250,
        925
      ]
    },
    {
      "wall_type": "WALL_DIRECTIONAL_W",
      "position": [
        1250,
        950
      ]
    },
    {
      "wall_type": "WALL_DIRECTIONAL_W",
      "position": [
        1250,
        975
      ]
    },
    {
      "wall_type": "WALL_DIRECTIONAL_SW",
      "position": [
        1250,
        1000
      ]
    },
    {
      "wall_type": "WALL_DIRECTIONAL_S",
      "position": [
        1275,
        1000
      ]
    },
    {
      "wall_type": "WALL_DIRECTIONAL_S",
      "position": [
        1300,
        1000
      ]
    },
    {
      "wall_type": "WALL_DIRECTIONAL_S",
      "position": [
        1325,
        1000
      ]
    },
    {
      "wall_type": "WALL_DIRECTIONAL_S",
      "position": [
        1500,
        1000
      ]
    },
    {
      "wall_type": "WALL_DIRECTIONAL_S",
      "position": [
        1525,
        1000
      ]
    },
    {
      "wall_type": "WALL_DIRECTIONAL_S",
      "position": [
        1550,
        1000
      ]
    },
    {
      "wall_type": "WALL_DIRECTIONAL_S",
      "position": [
        1575,
        1000
      ]
    },
    {
      "wall_type": "WALL_DIRECTIONAL_S",
      "position": [
        1600,
        1000
      ]
    },
    {
      "wall_type": "WALL_DIRECTIONAL_S",
      "position": [
        1625,
        1000
      ]
    },
    {
      "wall_type": "WALL_DIRECTIONAL_S",
      "position": [
        1650,
        1000
      ]
    },
    {
      "wall_type": "WALL_DIRECTIONAL_S",
      "position": [
        1675,
        1000
      ]
    },
    {
      "wall_type": "WALL_DIRECTIONAL_S",
      "position": [
        1700,
        1000
      ]
    },
    {
      "wall_type": "WALL_DIRECTIONAL_S",
      "position": [
        1725,
        1000
      ]
    },
    {
      "wall_type": "WALL_DIRECTIONAL_S",
      "position": [
        1750,
        1000
      ]
    },
    {
      "wall_type": "WALL_DIRECTIONAL_S",
      "position": [
        1775,
        1000
      ]
    },
    {
      "wall_type": "WALL_DIRECTIONAL_S",
      "position": [
        1800,
        1000
      ]
    },
    {
      "wall_type": "WALL_DIRECTIONAL_S",
      "position": [
        1825,
        1000
      ]
    },
    {
      "wall_type": "WALL_DIRECTIONAL_S",
      "position": [
        1850,
        1000
      ]
    },
    {
      "wall_type": "WALL_DIRECTIONAL_S",
      "position": [
        1875,
        1000
      ]
    },
    {
      "wall_type": "WALL_DIRECTIONAL_S",
      "position": [
        1900,
        1000
      ]
    },
    {
      "wall_type": "WALL_DIRECTIONAL_S",
      "position": [
        1925,
        1000
      ]
    },
    {
      "wall_type": "WALL_DIRECTIONAL_S",
      "position": [
        1950,
        1000
      ]
    },
    {
      "wall_type": "WALL_DIRECTIONAL_S",
      "position": [
        1975,
        1000
      ]
    },
    {
      "wall_type": "WALL_DIRECTIONAL_S",
      "position": [
        2000,
        1000
      ]
    },
    {
      "wall_type": "WALL_DIRECTIONAL_S",
      "position": [
        2025,
        1000
      ]
    },
    {
      "wall_type": "WALL_DIRECTIONAL_S",
      "position": [
        2050,
        1000
      ]
    },
    {
      "wall_type": "WALL_DIRECTIONAL_S",
      "position": [
        2075,
        1000
      ]
    },
    {
      "wall_type": "WALL_DIRECTIONAL_S",
      "position": [
        2100,
        1000
      ]
    },
    {
      "wall_type": "WALL_DIRECTIONAL_S",
      "position": [
        2125,
        1000
      ]
    },
    {
      "wall_type": "WALL_DIRECTIONAL_POINTY_SW",
      "position": [
        1950,
        625
      ]
    },
    {
      "wall_type": "WALL_DIRECTIONAL_POINTY_SE",
      "position": [
        2075,
        625
      ]
    },
    {
      "wall_type": "WALL_DIRECTIONAL_E",
      "position": [
        2075,
        650
      ]
    },
    {
      "wall_type": "WALL_DIRECTIONAL_POINTY_NE",
      "position": [
        2075,
        675
      ]
    },
    {
      "wall_type": "WALL_DIRECTIONAL_N",
      "position": [
        2100,
        675
      ]
    },
    {
      "wall_type": "WALL_DIRECTIONAL_N",
      "position": [
        2125,
        675
      ]
    },
    {
      "wall_type": "WALL_DIRECTIONAL_N",
      "position": [
        2150,
        675
      ]
    },
    {
      "wall_type": "WALL_DIRECTIONAL_NE",
      "position": [
        2175,
        675
      ]
    },
    {
      "wall_type": "WALL_DIRECTIONAL_E",
      "position": [
        2175,
        700
      ]
    },
    {
      "wall_type": "WALL_DIRECTIONAL_E",
      "position": [
        2175,
        725
      ]
    },
    {
      "wall_type": "WALL_DIRECTIONAL_E",
      "position": [
        2175,
        750
      ]
    },
    {
      "wall_type": "WALL_DIRECTIONAL_E",
      "position": [
        2175,
        775
      ]
    },
    {
      "wall_type": "WALL_DIRECTIONAL_E",
      "position": [
        2175,
        800
      ]
    },
    {
      "wall_type": "WALL_DIRECTIONAL_E",
      "position": [
        2175,
        825
      ]
    },
    {
      "wall_type": "WALL_DIRECTIONAL_E",
      "position": [
        2175,
        850
      ]
    },
    {
      "wall_type": "WALL_DIRECTIONAL_E",
      "position": [
        2175,
        875
      ]
    },
    {
      "wall_type": "WALL_DIRECTIONAL_E",
      "position": [
        2175,
        900
      ]
    },
    {
      "wall_type": "WALL_DIRECTIONAL_E",
      "position": [
        2175,
        925
      ]
    },
    {
      "wall_type": "WALL_DIRECTIONAL_E",
      "position": [
        2175,
        950
      ]
    },
    {
      "wall_type": "WALL_DIRECTIONAL_E",
      "position": [
        2175,
        975
      ]
    },
    {
      "wall_type": "WALL_DIRECTIONAL_SE",
      "position": [
        2175,
        1000
      ]
    },
    {
      "wall_type": "WALL_DIRECTIONAL_S",
      "position": [
        2150,
        1000
      ]
    },
    {
      "wall_type": "WALL_DIRECTIONAL_N",
      "position": [
        1600,
        675
      ]
    },
    {
      "wall_type": "WALL_DIRECTIONAL_N",
      "position": [
        1625,
        675
      ]
    },
    {
      "wall_type": "WALL_DIRECTIONAL_N",
      "position": [
        1650,
        675
      ]
    },
    {
      "wall_type": "WALL_DIRECTIONAL_N",
      "position": [
        1675,
        675
      ]
    },
    {
      "wall_type": "WALL_DIRECTIONAL_N",
      "position": [
        1700,
        675
      ]
    },
    {
      "wall_type": "WALL_DIRECTIONAL_N",
      "position": [
        1725,
        675
      ]
    },
    {
      "wall_type": "WALL_DIRECTIONAL_N",
      "position": [
        1750,
        675
      ]
    },
    {
      "wall_type": "WALL_DIRECTIONAL_N",
      "position": [
        1775,
        675
      ]
    },
    {
      "wall_type": "WALL_DIRECTIONAL_N",
      "position": [
        1825,
        675
      ]
    },
    {
      "wall_type": "WALL_DIRECTIONAL_N",
      "position": [
        1850,
        675
      ]
    },
    {
      "wall_type": "WALL_DIRECTIONAL_N",
      "position": [
        1875,
        675
      ]
    },
    {
      "wall_type": "WALL_DIRECTIONAL_N",
      "position": [
        1900,
        675
      ]
    },
    {
      "wall_type": "WALL_DIRECTIONAL_N",
      "position": [
        1925,
        675
      ]
    },
    {
      "wall_type": "WALL_DIRECTIONAL_POINTY_NW",
      "position": [
        1950,
        675
      ]
    },
    {
      "wall_type": "WALL_DIRECTIONAL_W",
      "position": [
        1950,
        650
      ]
    },
    {
      "wall_type": "SHELF_HELMETS",
      "position": [
        175,
        125
      ]
    },
    {
      "wall_type": "SHELF_HELMETS",
      "position": [
        300,
        125
      ]
    },
    {
      "wall_type": "SHELF_ARMORS",
      "position": [
        425,
        125
      ]
    },
    {
      "wall_type": "WALL_DIRECTIONAL_N",
      "position": [
        1450,
        675
      ]
    },
    {
      "wall_type": "WALL_DIRECTIONAL_N",
      "position": [
        1475,
        675
      ]
    },
    {
      "wall_type": "WALL_DIRECTIONAL_N",
      "position": [
        1500,
        675
      ]
    },
    {
      "wall_type": "WALL_DIRECTIONAL_N",
      "position": [
        1525,
        675
      ]
    },
    {
      "wall_type": "WALL_DIRECTIONAL_N",
      "position": [
        1550,
        675
      ]
    },
    {
      "wall_type": "WALL_DIRECTIONAL_N",
      "position": [
        1575,
        675
      ]
    },
    {
      "wall_type": "WALL_DIRECTIONAL_S",
      "position": [
        1575,
        625
      ]
    },
    {
      "wall_type": "WALL_DIRECTIONAL_S",
      "position": [
        1550,
        625
      ]
    },
    {
      "wall_type": "WALL_DIRECTIONAL_S",
      "position": [
        1525,
        625
      ]
    },
    {
      "wall_type": "WALL_DIRECTIONAL_S",
      "position": [
        1500,
        625
      ]
    },
    {
      "wall_type": "WALL_DIRECTIONAL_S",
      "position": [
        1475,
        625
      ]
    },
    {
      "wall_type": "WALL_DIRECTIONAL_S",
      "position": [
        1450,
        625
      ]
    },
    {
      "wall_type": "WALL_DIRECTIONAL_N",
      "position": [
        1800,
        675
      ]
    },
    {
      "wall_type": "WALL_DIRECTIONAL_POINTY_SW",
      "position": [
        1350,
        1000
      ]
    },
    {
      "wall_type": "WALL_DIRECTIONAL_W",
      "position": [
        1350,
        1025
      ]
    },
    {
      "wall_type": "WALL_DIRECTIONAL_POINTY_SE",
      "position": [
        1475,
        1000
      ]
    },
    {
      "wall_type": "WALL_DIRECTIONAL_E",
      "position": [
        1475,
        1025
      ]
    },
    {
      "wall_type": "WALL_DIRECTIONAL_POINTY_NE",
      "position": [
        1475,
        1050
      ]
    },
    {
      "wall_type": "WALL_DIRECTIONAL_POINTY_NW",
      "position": [
        1350,
        1050
      ]
    },
    {
      "wall_type": "WALL_DIRECTIONAL_N",
      "position": [
        1325,
        1050
      ]
    },
    {
      "wall_type": "WALL_DIRECTIONAL_N",
      "position": [
        1300,
        1050
      ]
    },
    {
      "wall_type": "WALL_DIRECTIONAL_N",
      "position": [
        1275,
        1050
      ]
    },
    {
      "wall_type": "WALL_DIRECTIONAL_NW",
      "position": [
        1250,
        1050
      ]
    },
    {
      "wall_type": "WALL_DIRECTIONAL_W",
      "position": [
        1250,
        1075
      ]
    },
    {
      "wall_type": "WALL_DIRECTIONAL_W",
      "position": [
        1250,
        1100
      ]
    },
    {
      "wall_type": "WALL_DIRECTIONAL_W",
      "position": [
        1250,
        1125
      ]
    },
    {
      "wall_type": "WALL_DIRECTIONAL_W",
      "position": [
        1250,
        1150
      ]
    },
    {
      "wall_type": "WALL_DIRECTIONAL_W",
      "position": [
        1250,
        1175
      ]
    },
    {
      "wall_type": "WALL_DIRECTIONAL_W",
      "position": [
        1250,
        1200
      ]
    },
    {
      "wall_type": "WALL_DIRECTIONAL_W",
      "position": [
        1250,
        1225
      ]
    },
    {
      "wall_type": "WALL_DIRECTIONAL_W",
      "position": [
        1250,
        1250
      ]
    },
    {
      "wall_type": "WALL_DIRECTIONAL_W",
      "position": [
        1250,
        1275
      ]
    },
    {
      "wall_type": "WALL_DIRECTIONAL_W",
      "position": [
        1250,
        1300
      ]
    },
    {
      "wall_type": "WALL_DIRECTIONAL_W",
      "position": [
        1250,
        1325
      ]
    },
    {
      "wall_type": "WALL_DIRECTIONAL_W",
      "position": [
        1250,
        1350
      ]
    },
    {
      "wall_type": "WALL_DIRECTIONAL_SW",
      "position": [
        1250,
        1375
      ]
    },
    {
      "wall_type": "WALL_DIRECTIONAL_S",
      "position": [
        1275,
        1375
      ]
    },
    {
      "wall_type": "WALL_DIRECTIONAL_S",
      "position": [
        1300,
        1375
      ]
    },
    {
      "wall_type": "WALL_DIRECTIONAL_S",
      "position": [
        1325,
        1375
      ]
    },
    {
      "wall_type": "WALL_DIRECTIONAL_S",
      "position": [
        1350,
        1375
      ]
    },
    {
      "wall_type": "WALL_DIRECTIONAL_S",
      "position": [
        1375,
        1375
      ]
    },
    {
      "wall_type": "WALL_DIRECTIONAL_S",
      "position": [
        1400,
        1375
      ]
    },
    {
      "wall_type": "WALL_DIRECTIONAL_S",
      "position": [
        1425,
        1375
      ]
    },
    {
      "wall_type": "WALL_DIRECTIONAL_S",
      "position": [
        1450,
        1375
      ]
    },
    {
      "wall_type": "WALL_DIRECTIONAL_S",
      "position": [
        1475,
        1375
      ]
    },
    {
      "wall_type": "WALL_DIRECTIONAL_S",
      "position": [
        1500,
        1375
      ]
    },
    {
      "wall_type": "WALL_DIRECTIONAL_S",
      "position": [
        1525,
        1375
      ]
    },
    {
      "wall_type": "WALL_DIRECTIONAL_S",
      "position": [
        1550,
        1375
      ]
    },
    {
      "wall_type": "WALL_DIRECTIONAL_S",
      "position": [
        1575,
        1375
      ]
    },
    {
      "wall_type": "WALL_DIRECTIONAL_S",
      "position": [
        1600,
        1375
      ]
    },
    {
      "wall_type": "WALL_DIRECTIONAL_S",
      "position": [
        1625,
        1375
      ]
    },
    {
      "wall_type": "WALL_DIRECTIONAL_S",
      "position": [
        1650,
        1375
      ]
    },
    {
      "wall_type": "WALL_DIRECTIONAL_S",
      "position": [
        1675,
        1375
      ]
    },
    {
      "wall_type": "WALL_DIRECTIONAL_S",
      "position": [
        1700,
        1375
      ]
    },
    {
      "wall_type": "WALL_DIRECTIONAL_S",
      "position": [
        1725,
        1375
      ]
    },
    {
      "wall_type": "WALL_DIRECTIONAL_S",
      "position": [
        1750,
        1375
      ]
    },
    {
      "wall_type": "WALL_DIRECTIONAL_S",
      "position": [
        1775,
        1375
      ]
    },
    {
      "wall_type": "WALL_DIRECTIONAL_S",
      "position": [
        1800,
        1375
      ]
    },
    {
      "wall_type": "WALL_DIRECTIONAL_S",
      "position": [
        1825,
        1375
      ]
    },
    {
      "wall_type": "WALL_DIRECTIONAL_S",
      "position": [
        1850,
        1375
      ]
    },
    {
      "wall_type": "WALL_DIRECTIONAL_S",
      "position": [
        1875,
        1375
      ]
    },
    {
      "wall_type": "WALL_DIRECTIONAL_S",
      "position": [
        1900,
        1375
      ]
    },
    {
      "wall_type": "WALL_DIRECTIONAL_S",
      "position": [
        1925,
        1375
      ]
    },
    {
      "wall_type": "WALL_DIRECTIONAL_S",
      "position": [
        1950,
        1375
      ]
    },
    {
      "wall_type": "WALL_DIRECTIONAL_S",
      "position": [
        1975,
        1375
      ]
    },
    {
      "wall_type": "WALL_DIRECTIONAL_S",
      "position": [
        2000,
        1375
      ]
    },
    {
      "wall_type": "WALL_DIRECTIONAL_S",
      "position": [
        2025,
        1375
      ]
    },
    {
      "wall_type": "WALL_DIRECTIONAL_S",
      "position": [
        2050,
        1375
      ]
    },
    {
      "wall_type": "WALL_DIRECTIONAL_S",
      "position": [
        2075,
        1375
      ]
    },
    {
      "wall_type": "WALL_DIRECTIONAL_S",
      "position": [
        2100,
        1375
      ]
    },
    {
      "wall_type": "WALL_DIRECTIONAL_S",
      "position": [
        2125,
        1375
      ]
    },
    {
      "wall_type": "WALL_DIRECTIONAL_S",
      "position": [
        2150,
        1375
      ]
    },
    {
      "wall_type": "WALL_DIRECTIONAL_N",
      "position": [
        1500,
        1050
      ]
    },
    {
      "wall_type": "WALL_DIRECTIONAL_N",
      "position": [
        1525,
        1050
      ]
    },
    {
      "wall_type": "WALL_DIRECTIONAL_N",
      "position": [
        1550,
        1050
      ]
    },
    {
      "wall_type": "WALL_DIRECTIONAL_N",
      "position": [
        1575,
        1050
      ]
    },
    {
      "wall_type": "WALL_DIRECTIONAL_N",
      "position": [
        1600,
        1050
      ]
    },
    {
      "wall_type": "WALL_DIRECTIONAL_N",
      "position": [
        1625,
        1050
      ]
    },
    {
      "wall_type": "WALL_DIRECTIONAL_N",
      "position": [
        1650,
        1050
      ]
    },
    {
      "wall_type": "WALL_DIRECTIONAL_N",
      "position": [
        1675,
        1050
      ]
    },
    {
      "wall_type": "WALL_DIRECTIONAL_N",
      "position": [
        1700,
        1050
      ]
    },
    {
      "wall_type": "WALL_DIRECTIONAL_N",
      "position": [
        1725,
        1050
      ]
    },
    {
      "wall_type": "WALL_DIRECTIONAL_N",
      "position": [
        1750,
        1050
      ]
    },
    {
      "wall_type": "WALL_DIRECTIONAL_N",
      "position": [
        1775,
        1050
      ]
    },
    {
      "wall_type": "WALL_DIRECTIONAL_N",
      "position": [
        1800,
        1050
      ]
    },
    {
      "wall_type": "WALL_DIRECTIONAL_N",
      "position": [
        1825,
        1050
      ]
    },
    {
      "wall_type": "WALL_DIRECTIONAL_N",
      "position": [
        1850,
        1050
      ]
    },
    {
      "wall_type": "WALL_DIRECTIONAL_N",
      "position": [
        1875,
        1050
      ]
    },
    {
      "wall_type": "WALL_DIRECTIONAL_N",
      "position": [
        1900,
        1050
      ]
    },
    {
      "wall_type": "WALL_DIRECTIONAL_N",
      "position": [
        1925,
        1050
      ]
    },
    {
      "wall_type": "WALL_DIRECTIONAL_N",
      "position": [
        1950,
        1050
      ]
    },
    {
      "wall_type": "WALL_DIRECTIONAL_N",
      "position": [
        1975,
        1050
      ]
    },
    {
      "wall_type": "WALL_DIRECTIONAL_N",
      "position": [
        2000,
        1050
      ]
    },
    {
      "wall_type": "WALL_DIRECTIONAL_N",
      "position": [
        2025,
        1050
      ]
    },
    {
      "wall_type": "WALL_DIRECTIONAL_N",
      "position": [
        2050,
        1050
      ]
    },
    {
      "wall_type": "WALL_DIRECTIONAL_N",
      "position": [
        2075,
        1050
      ]
    },
    {
      "wall_type": "WALL_DIRECTIONAL_N",
      "position": [
        2100,
        1050
      ]
    },
    {
      "wall_type": "WALL_DIRECTIONAL_N",
      "position": [
        2125,
        1050
      ]
    },
    {
      "wall_type": "WALL_DIRECTIONAL_N",
      "position": [
        2150,
        1050
      ]
    },
    {
      "wall_type": "WALL_DIRECTIONAL_NE",
      "position": [
        2175,
        1050
      ]
    },
    {
      "wall_type": "WALL_DIRECTIONAL_E",
      "position": [
        2175,
        1075
      ]
    },
    {
      "wall_type": "WALL_DIRECTIONAL_E",
      "position": [
        2175,
        1100
      ]
    },
    {
      "wall_type": "WALL_DIRECTIONAL_E",
      "position": [
        2175,
        1125
      ]
    },
    {
      "wall_type": "WALL_DIRECTIONAL_E",
      "position": [
        2175,
        1150
      ]
    },
    {
      "wall_type": "WALL_DIRECTIONAL_E",
      "position": [
        2175,
        1175
      ]
    },
    {
      "wall_type": "WALL_DIRECTIONAL_E",
      "position": [
        2175,
        1200
      ]
    },
    {
      "wall_type": "WALL_DIRECTIONAL_E",
      "position": [
        2175,
        1225
      ]
    },
    {
      "wall_type": "WALL_DIRECTIONAL_E",
      "position": [
        2175,
        1250
      ]
    },
    {
      "wall_type": "WALL_DIRECTIONAL_E",
      "position": [
        2175,
        1325
      ]
    },
    {
      "wall_type": "WALL_DIRECTIONAL_E",
      "position": [
        2175,
        1350
      ]
    },
    {
      "wall_type": "WALL_DIRECTIONAL_E",
      "position": [
        2175,
        1300
      ]
    },
    {
      "wall_type": "WALL_DIRECTIONAL_E",
      "position": [
        2175,
        1275
      ]
    },
    {
      "wall_type": "WALL_DIRECTIONAL_SE",
      "position": [
        2175,
        1375
      ]
    }
  ],
  "entire_world_area": [
    -250,
    -250,
    3000,
    3000
  ],
  "decorations": [
    {
      "sprite": "DECORATION_GROUND_STONE",
      "position": [
        150,
        200
      ]
    },
    {
      "sprite": "DECORATION_GROUND_STONE",
      "position": [
        150,
        150
      ]
    },
    {
      "sprite": "DECORATION_GROUND_STONE",
      "position": [
        150,
        100
      ]
    },
    {
      "sprite": "DECORATION_GROUND_STONE",
      "position": [
        200,
        100
      ]
    },
    {
      "sprite": "DECORATION_GROUND_STONE",
      "position": [
        250,
        100
      ]
    },
    {
      "sprite": "DECORATION_GROUND_STONE",
      "position": [
        300,
        100
      ]
    },
    {
      "sprite": "DECORATION_GROUND_STONE",
      "position": [
        350,
        100
      ]
    },
    {
      "sprite": "DECORATION_GROUND_STONE",
      "position": [
        400,
        100
      ]
    },
    {
      "sprite": "DECORATION_GROUND_STONE",
      "position": [
        450,
        100
      ]
    },
    {
      "sprite": "DECORATION_GROUND_STONE",
      "position": [
        500,
        100
      ]
    },
    {
      "sprite": "DECORATION_GROUND_STONE",
      "position": [
        150,
        250
      ]
    },
    {
      "sprite": "DECORATION_GROUND_STONE",
      "position": [
        150,
        300
      ]
    },
    {
      "sprite": "DECORATION_GROUND_STONE",
      "position": [
        150,
        350
      ]
    },
    {
      "sprite": "DECORATION_GROUND_STONE",
      "position": [
        150,
        400
      ]
    },
    {
      "sprite": "DECORATION_GROUND_STONE",
      "position": [
        200,
        400
      ]
    },
    {
      "sprite": "DECORATION_GROUND_STONE",
      "position": [
        250,
        400
      ]
    },
    {
      "sprite": "DECORATION_GROUND_STONE",
      "position": [
        300,
        400
      ]
    },
    {
      "sprite": "DECORATION_GROUND_STONE",
      "position": [
        350,
        400
      ]
    },
    {
      "sprite": "DECORATION_GROUND_STONE",
      "position": [
        400,
        400
      ]
    },
    {
      "sprite": "DECORATION_GROUND_STONE",
      "position": [
        450,
        400
      ]
    },
    {
      "sprite": "DECORATION_GROUND_STONE",
      "position": [
        500,
        400
      ]
    },
    {
      "sprite": "DECORATION_GROUND_STONE",
      "position": [
        500,
        350
      ]
    },
    {
      "sprite": "DECORATION_GROUND_STONE",
      "position": [
        500,
        300
      ]
    },
    {
      "sprite": "DECORATION_GROUND_STONE",
      "position": [
        500,
        250
      ]
    },
    {
      "sprite": "DECORATION_GROUND_STONE",
      "position": [
        500,
        200
      ]
    },
    {
      "sprite": "DECORATION_GROUND_STONE",
      "position": [
        500,
        150
      ]
    },
    {
      "sprite": "DECORATION_GROUND_STONE",
      "position": [
        400,
        150
      ]
    },
    {
      "sprite": "DECORATION_GROUND_STONE",
      "position": [
        350,
        150
      ]
    },
    {
      "sprite": "DECORATION_GROUND_STONE",
      "position": [
        300,
        150
      ]
    },
    {
      "sprite": "DECORATION_GROUND_STONE",
      "position": [
        250,
        150
      ]
    },
    {
      "sprite": "DECORATION_GROUND_STONE",
      "position": [
        200,
        150
      ]
    },
    {
      "sprite": "DECORATION_GROUND_STONE",
      "position": [
        450,
        150
      ]
    },
    {
      "sprite": "DECORATION_GROUND_STONE",
      "position": [
        450,
        200
      ]
    },
    {
      "sprite": "DECORATION_GROUND_STONE",
      "position": [
        450,
        250
      ]
    },
    {
      "sprite": "DECORATION_GROUND_STONE",
      "position": [
        450,
        300
      ]
    },
    {
      "sprite": "DECORATION_GROUND_STONE",
      "position": [
        450,
        350
      ]
    },
    {
      "sprite": "DECORATION_GROUND_STONE",
      "position": [
        400,
        350
      ]
    },
    {
      "sprite": "DECORATION_GROUND_STONE",
      "position": [
        400,
        300
      ]
    },
    {
      "sprite": "DECORATION_GROUND_STONE",
      "position": [
        400,
        250
      ]
    },
    {
      "sprite": "DECORATION_GROUND_STONE",
      "position": [
        350,
        250
      ]
    },
    {
      "sprite": "DECORATION_GROUND_STONE",
      "position": [
        350,
        200
      ]
    },
    {
      "sprite": "DECORATION_GROUND_STONE",
      "position": [
        300,
        200
      ]
    },
    {
      "sprite": "DECORATION_GROUND_STONE",
      "position": [
        250,
        200
      ]
    },
    {
      "sprite": "DECORATION_GROUND_STONE",
      "position": [
        200,
        200
      ]
    },
    {
      "sprite": "DECORATION_GROUND_STONE",
      "position": [
        200,
        250
      ]
    },
    {
      "sprite": "DECORATION_GROUND_STONE",
      "position": [
        200,
        300
      ]
    },
    {
      "sprite": "DECORATION_GROUND_STONE",
      "position": [
        200,
        350
      ]
    },
    {
      "sprite": "DECORATION_GROUND_STONE",
      "position": [
        250,
        350
      ]
    },
    {
      "sprite": "DECORATION_GROUND_STONE",
      "position": [
        300,
        350
      ]
    },
    {
      "sprite": "DECORATION_GROUND_STONE",
      "position": [
        350,
        350
      ]
    },
    {
      "sprite": "DECORATION_GROUND_STONE",
      "position": [
        350,
        300
      ]
    },
    {
      "sprite": "DECORATION_GROUND_STONE",
      "position": [
        300,
        300
      ]
    },
    {
      "sprite": "DECORATION_GROUND_STONE",
      "position": [
        250,
        300
      ]
    },
    {
      "sprite": "DECORATION_GROUND_STONE",
      "position": [
        250,
        250
      ]
    },
    {
      "sprite": "DECORATION_GROUND_STONE",
      "position": [
        300,
        250
      ]
    },
    {
      "sprite": "DECORATION_GROUND_STONE",
      "position": [
        400,
        200
      ]
    },
    {
      "sprite": "DECORATION_GROUND_STONE",
      "position": [
        150,
        450
      ]
    },
    {
      "sprite": "DECORATION_GROUND_STONE",
      "position": [
        200,
        450
      ]
    },
    {
      "sprite": "DECORATION_GROUND_STONE",
      "position": [
        250,
        450
      ]
    },
    {
      "sprite": "DECORATION_GROUND_STONE",
      "position": [
        300,
        450
      ]
    },
    {
      "sprite": "DECORATION_GROUND_STONE",
      "position": [
        350,
        450
      ]
    },
    {
      "sprite": "DECORATION_GROUND_STONE",
      "position": [
        400,
        450
      ]
    },
    {
      "sprite": "DECORATION_GROUND_STONE",
      "position": [
        450,
        450
      ]
    },
    {
      "sprite": "DECORATION_GROUND_STONE",
      "position": [
        500,
        450
      ]
    },
    {
      "sprite": "DECORATION_GROUND_STONE",
      "position": [
        1250,
        450
      ]
    },
    {
      "sprite": "DECORATION_GROUND_STONE",
      "position": [
        1250,
        400
      ]
    },
    {
      "sprite": "DECORATION_GROUND_STONE",
      "position": [
        1250,
        350
      ]
    },
    {
      "sprite": "DECORATION_GROUND_STONE",
      "position": [
        1250,
        300
      ]
    },
    {
      "sprite": "DECORATION_GROUND_STONE",
      "position": [
        1250,
        250
      ]
    },
    {
      "sprite": "DECORATION_GROUND_STONE",
      "position": [
        1250,
        200
      ]
    },
    {
      "sprite": "DECORATION_GROUND_STONE",
      "position": [
        1300,
        200
      ]
    },
    {
      "sprite": "DECORATION_GROUND_STONE",
      "position": [
        1350,
        200
      ]
    },
    {
      "sprite": "DECORATION_GROUND_STONE",
      "position": [
        1400,
        200
      ]
    },
    {
      "sprite": "DECORATION_GROUND_STONE",
      "position": [
        1450,
        200
      ]
    },
    {
      "sprite": "DECORATION_GROUND_STONE",
      "position": [
        1500,
        200
      ]
    },
    {
      "sprite": "DECORATION_GROUND_STONE",
      "position": [
        1550,
        200
      ]
    },
    {
      "sprite": "DECORATION_GROUND_STONE",
      "position": [
        1600,
        200
      ]
    },
    {
      "sprite": "DECORATION_GROUND_STONE",
      "position": [
        1650,
        200
      ]
    },
    {
      "sprite": "DECORATION_GROUND_STONE",
      "position": [
        1700,
        200
      ]
    },
    {
      "sprite": "DECORATION_GROUND_STONE",
      "position": [
        1750,
        200
      ]
    },
    {
      "sprite": "DECORATION_GROUND_STONE",
      "position": [
        1750,
        250
      ]
    },
    {
      "sprite": "DECORATION_GROUND_STONE",
      "position": [
        1750,
        300
      ]
    },
    {
      "sprite": "DECORATION_GROUND_STONE",
      "position": [
        1750,
        350
      ]
    },
    {
      "sprite": "DECORATION_GROUND_STONE",
      "position": [
        1750,
        400
      ]
    },
    {
      "sprite": "DECORATION_GROUND_STONE",
      "position": [
        1750,
        450
      ]
    },
    {
      "sprite": "DECORATION_GROUND_STONE",
      "position": [
        1700,
        450
      ]
    },
    {
      "sprite": "DECORATION_GROUND_STONE",
      "position": [
        1650,
        450
      ]
    },
    {
      "sprite": "DECORATION_GROUND_STONE",
      "position": [
        1600,
        450
      ]
    },
    {
      "sprite": "DECORATION_GROUND_STONE",
      "position": [
        1550,
        450
      ]
    },
    {
      "sprite": "DECORATION_GROUND_STONE",
      "position": [
        1500,
        450
      ]
    },
    {
      "sprite": "DECORATION_GROUND_STONE",
      "position": [
        1450,
        450
      ]
    },
    {
      "sprite": "DECORATION_GROUND_STONE",
      "position": [
        1400,
        450
      ]
    },
    {
      "sprite": "DECORATION_GROUND_STONE",
      "position": [
        1350,
        450
      ]
    },
    {
      "sprite": "DECORATION_GROUND_STONE",
      "position": [
        1300,
        450
      ]
    },
    {
      "sprite": "DECORATION_GROUND_STONE",
      "position": [
        1300,
        400
      ]
    },
    {
      "sprite": "DECORATION_GROUND_STONE",
      "position": [
        1300,
        350
      ]
    },
    {
      "sprite": "DECORATION_GROUND_STONE",
      "position": [
        1300,
        300
      ]
    },
    {
      "sprite": "DECORATION_GROUND_STONE",
      "position": [
        1300,
        250
      ]
    },
    {
      "sprite": "DECORATION_GROUND_STONE",
      "position": [
        1350,
        250
      ]
    },
    {
      "sprite": "DECORATION_GROUND_STONE",
      "position": [
        1400,
        250
      ]
    },
    {
      "sprite": "DECORATION_GROUND_STONE",
      "position": [
        1450,
        250
      ]
    },
    {
      "sprite": "DECORATION_GROUND_STONE",
      "position": [
        1500,
        250
      ]
    },
    {
      "sprite": "DECORATION_GROUND_STONE",
      "position": [
        1550,
        250
      ]
    },
    {
      "sprite": "DECORATION_GROUND_STONE",
      "position": [
        1600,
        250
      ]
    },
    {
      "sprite": "DECORATION_GROUND_STONE",
      "position": [
        1650,
        250
      ]
    },
    {
      "sprite": "DECORATION_GROUND_STONE",
      "position": [
        1700,
        250
      ]
    },
    {
      "sprite": "DECORATION_GROUND_STONE",
      "position": [
        1700,
        300
      ]
    },
    {
      "sprite": "DECORATION_GROUND_STONE",
      "position": [
        1700,
        350
      ]
    },
    {
      "sprite": "DECORATION_GROUND_STONE",
      "position": [
        1700,
        400
      ]
    },
    {
      "sprite": "DECORATION_GROUND_STONE",
      "position": [
        1600,
        400
      ]
    },
    {
      "sprite": "DECORATION_GROUND_STONE",
      "position": [
        1550,
        400
      ]
    },
    {
      "sprite": "DECORATION_GROUND_STONE",
      "position": [
        1500,
        400
      ]
    },
    {
      "sprite": "DECORATION_GROUND_STONE",
      "position": [
        1450,
        400
      ]
    },
    {
      "sprite": "DECORATION_GROUND_STONE",
      "position": [
        1400,
        400
      ]
    },
    {
      "sprite": "DECORATION_GROUND_STONE",
      "position": [
        1350,
        400
      ]
    },
    {
      "sprite": "DECORATION_GROUND_STONE",
      "position": [
        1350,
        350
      ]
    },
    {
      "sprite": "DECORATION_GROUND_STONE",
      "position": [
        1400,
        350
      ]
    },
    {
      "sprite": "DECORATION_GROUND_STONE",
      "position": [
        1450,
        350
      ]
    },
    {
      "sprite": "DECORATION_GROUND_STONE",
      "position": [
        1450,
        300
      ]
    },
    {
      "sprite": "DECORATION_GROUND_STONE",
      "position": [
        1350,
        300
      ]
    },
    {
      "sprite": "DECORATION_GROUND_STONE",
      "position": [
        1400,
        300
      ]
    },
    {
      "sprite": "DECORATION_GROUND_STONE",
      "position": [
        1500,
        300
      ]
    },
    {
      "sprite": "DECORATION_GROUND_STONE",
      "position": [
        1600,
        300
      ]
    },
    {
      "sprite": "DECORATION_GROUND_STONE",
      "position": [
        1650,
        300
      ]
    },
    {
      "sprite": "DECORATION_GROUND_STONE",
      "position": [
        1650,
        350
      ]
    },
    {
      "sprite": "DECORATION_GROUND_STONE",
      "position": [
        1650,
        400
      ]
    },
    {
      "sprite": "DECORATION_GROUND_STONE",
      "position": [
        1600,
        350
      ]
    },
    {
      "sprite": "DECORATION_GROUND_STONE",
      "position": [
        1550,
        300
      ]
    },
    {
      "sprite": "DECORATION_GROUND_STONE",
      "position": [
        1500,
        350
      ]
    },
    {
      "sprite": "DECORATION_GROUND_STONE",
      "position": [
        1550,
        350
      ]
    },
    {
      "sprite": "DECORATION_GROUND_STONE",
      "position": [
        1250,
        500
      ]
    },
    {
      "sprite": "DECORATION_GROUND_STONE",
      "position": [
        1300,
        500
      ]
    },
    {
      "sprite": "DECORATION_GROUND_STONE",
      "position": [
        1350,
        500
      ]
    },
    {
      "sprite": "DECORATION_GROUND_STONE",
      "position": [
        1400,
        500
      ]
    },
    {
      "sprite": "DECORATION_GROUND_STONE",
      "position": [
        1450,
        500
      ]
    },
    {
      "sprite": "DECORATION_GROUND_STONE",
      "position": [
        1500,
        500
      ]
    },
    {
      "sprite": "DECORATION_GROUND_STONE",
      "position": [
        1550,
        500
      ]
    },
    {
      "sprite": "DECORATION_GROUND_STONE",
      "position": [
        1600,
        500
      ]
    },
    {
      "sprite": "DECORATION_GROUND_STONE",
      "position": [
        1650,
        500
      ]
    },
    {
      "sprite": "DECORATION_GROUND_STONE",
      "position": [
        1700,
        500
      ]
    },
    {
      "sprite": "DECORATION_GROUND_STONE",
      "position": [
        1750,
        500
      ]
    },
    {
      "sprite": "DECORATION_GROUND_STONE",
      "position": [
        1250,
        550
      ]
    },
    {
      "sprite": "DECORATION_GROUND_STONE",
      "position": [
        1300,
        550
      ]
    },
    {
      "sprite": "DECORATION_GROUND_STONE",
      "position": [
        1350,
        550
      ]
    },
    {
      "sprite": "DECORATION_GROUND_STONE",
      "position": [
        1400,
        550
      ]
    },
    {
      "sprite": "DECORATION_GROUND_STONE",
      "position": [
        1450,
        550
      ]
    },
    {
      "sprite": "DECORATION_GROUND_STONE",
      "position": [
        1500,
        550
      ]
    },
    {
      "sprite": "DECORATION_GROUND_STONE",
      "position": [
        1550,
        550
      ]
    },
    {
      "sprite": "DECORATION_GROUND_STONE",
      "position": [
        1600,
        550
      ]
    },
    {
      "sprite": "DECORATION_GROUND_STONE",
      "position": [
        1650,
        550
      ]
    },
    {
      "sprite": "DECORATION_GROUND_STONE",
      "position": [
        1700,
        550
      ]
    },
    {
      "sprite": "DECORATION_GROUND_STONE",
      "position": [
        1750,
        550
      ]
    },
    {
      "sprite": "DECORATION_GROUND_STONE",
      "position": [
        1250,
        600
      ]
    },
    {
      "sprite": "DECORATION_GROUND_STONE",
      "position": [
        1300,
        600
      ]
    },
    {
      "sprite": "DECORATION_GROUND_STONE",
      "position": [
        1350,
        600
      ]
    },
    {
      "sprite": "DECORATION_GROUND_STONE",
      "position": [
        1400,
        600
      ]
    },
    {
      "sprite": "DECORATION_GROUND_STONE",
      "position": [
        1450,
        600
      ]
    },
    {
      "sprite": "DECORATION_GROUND_STONE",
      "position": [
        1500,
        600
      ]
    },
    {
      "sprite": "DECORATION_GROUND_STONE",
      "position": [
        1550,
        600
      ]
    },
    {
      "sprite": "DECORATION_GROUND_STONE",
      "position": [
        1600,
        600
      ]
    },
    {
      "sprite": "DECORATION_GROUND_STONE",
      "position": [
        1650,
        600
      ]
    },
    {
      "sprite": "DECORATION_GROUND_STONE",
      "position": [
        1700,
        600
      ]
    },
    {
      "sprite": "DECORATION_GROUND_STONE",
      "position": [
        1750,
        600
      ]
    },
    {
      "sprite": "DECORATION_GROUND_STONE",
      "position": [
        1800,
        350
      ]
    },
    {
      "sprite": "DECORATION_GROUND_STONE",
      "position": [
        1800,
        400
      ]
    },
    {
      "sprite": "DECORATION_GROUND_STONE",
      "position": [
        1800,
        450
      ]
    },
    {
      "sprite": "DECORATION_GROUND_STONE",
      "position": [
        1850,
        450
      ]
    },
    {
      "sprite": "DECORATION_GROUND_STONE",
      "position": [
        1850,
        500
      ]
    },
    {
      "sprite": "DECORATION_GROUND_STONE",
      "position": [
        1850,
        550
      ]
    },
    {
      "sprite": "DECORATION_GROUND_STONE",
      "position": [
        1850,
        600
      ]
    },
    {
      "sprite": "DECORATION_GROUND_STONE",
      "position": [
        1900,
        600
      ]
    },
    {
      "sprite": "DECORATION_GROUND_STONE",
      "position": [
        1950,
        600
      ]
    },
    {
      "sprite": "DECORATION_GROUND_STONE",
      "position": [
        2000,
        600
      ]
    },
    {
      "sprite": "DECORATION_GROUND_STONE",
      "position": [
        2050,
        600
      ]
    },
    {
      "sprite": "DECORATION_GROUND_STONE",
      "position": [
        2100,
        600
      ]
    },
    {
      "sprite": "DECORATION_GROUND_STONE",
      "position": [
        2150,
        600
      ]
    },
    {
      "sprite": "DECORATION_GROUND_STONE",
      "position": [
        2150,
        550
      ]
    },
    {
      "sprite": "DECORATION_GROUND_STONE",
      "position": [
        2150,
        500
      ]
    },
    {
      "sprite": "DECORATION_GROUND_STONE",
      "position": [
        2150,
        450
      ]
    },
    {
      "sprite": "DECORATION_GROUND_STONE",
      "position": [
        2150,
        400
      ]
    },
    {
      "sprite": "DECORATION_GROUND_STONE",
      "position": [
        2150,
        350
      ]
    },
    {
      "sprite": "DECORATION_GROUND_STONE",
      "position": [
        2150,
        300
      ]
    },
    {
      "sprite": "DECORATION_GROUND_STONE",
      "position": [
        2150,
        250
      ]
    },
    {
      "sprite": "DECORATION_GROUND_STONE",
      "position": [
        2100,
        250
      ]
    },
    {
      "sprite": "DECORATION_GROUND_STONE",
      "position": [
        2050,
        250
      ]
    },
    {
      "sprite": "DECORATION_GROUND_STONE",
      "position": [
        2000,
        250
      ]
    },
    {
      "sprite": "DECORATION_GROUND_STONE",
      "position": [
        1950,
        250
      ]
    },
    {
      "sprite": "DECORATION_GROUND_STONE",
      "position": [
        1900,
        250
      ]
    },
    {
      "sprite": "DECORATION_GROUND_STONE",
      "position": [
        1850,
        250
      ]
    },
    {
      "sprite": "DECORATION_GROUND_STONE",
      "position": [
        1850,
        200
      ]
    },
    {
      "sprite": "DECORATION_GROUND_STONE",
      "position": [
        1900,
        200
      ]
    },
    {
      "sprite": "DECORATION_GROUND_STONE",
      "position": [
        1950,
        200
      ]
    },
    {
      "sprite": "DECORATION_GROUND_STONE",
      "position": [
        2000,
        200
      ]
    },
    {
      "sprite": "DECORATION_GROUND_STONE",
      "position": [
        2050,
        200
      ]
    },
    {
      "sprite": "DECORATION_GROUND_STONE",
      "position": [
        2100,
        200
      ]
    },
    {
      "sprite": "DECORATION_GROUND_STONE",
      "position": [
        2150,
        200
      ]
    },
    {
      "sprite": "DECORATION_GROUND_STONE",
      "position": [
        2100,
        300
      ]
    },
    {
      "sprite": "DECORATION_GROUND_STONE",
      "position": [
        2100,
        350
      ]
    },
    {
      "sprite": "DECORATION_GROUND_STONE",
      "position": [
        2100,
        400
      ]
    },
    {
      "sprite": "DECORATION_GROUND_STONE",
      "position": [
        2100,
        450
      ]
    },
    {
      "sprite": "DECORATION_GROUND_STONE",
      "position": [
        2100,
        500
      ]
    },
    {
      "sprite": "DECORATION_GROUND_STONE",
      "position": [
        2100,
        550
      ]
    },
    {
      "sprite": "DECORATION_GROUND_STONE",
      "position": [
        2050,
        550
      ]
    },
    {
      "sprite": "DECORATION_GROUND_STONE",
      "position": [
        2000,
        550
      ]
    },
    {
      "sprite": "DECORATION_GROUND_STONE",
      "position": [
        1950,
        550
      ]
    },
    {
      "sprite": "DECORATION_GROUND_STONE",
      "position": [
        1900,
        550
      ]
    },
    {
      "sprite": "DECORATION_GROUND_STONE",
      "position": [
        1850,
        400
      ]
    },
    {
      "sprite": "DECORATION_GROUND_STONE",
      "position": [
        1850,
        350
      ]
    },
    {
      "sprite": "DECORATION_GROUND_STONE",
      "position": [
        1850,
        300
      ]
    },
    {
      "sprite": "DECORATION_GROUND_STONE",
      "position": [
        1900,
        300
      ]
    },
    {
      "sprite": "DECORATION_GROUND_STONE",
      "position": [
        1950,
        300
      ]
    },
    {
      "sprite": "DECORATION_GROUND_STONE",
      "position": [
        2000,
        300
      ]
    },
    {
      "sprite": "DECORATION_GROUND_STONE",
      "position": [
        2050,
        300
      ]
    },
    {
      "sprite": "DECORATION_GROUND_STONE",
      "position": [
        2050,
        350
      ]
    },
    {
      "sprite": "DECORATION_GROUND_STONE",
      "position": [
        1950,
        350
      ]
    },
    {
      "sprite": "DECORATION_GROUND_STONE",
      "position": [
        1900,
        350
      ]
    },
    {
      "sprite": "DECORATION_GROUND_STONE",
      "position": [
        1900,
        400
      ]
    },
    {
      "sprite": "DECORATION_GROUND_STONE",
      "position": [
        1900,
        450
      ]
    },
    {
      "sprite": "DECORATION_GROUND_STONE",
      "position": [
        1900,
        500
      ]
    },
    {
      "sprite": "DECORATION_GROUND_STONE",
      "position": [
        1950,
        500
      ]
    },
    {
      "sprite": "DECORATION_GROUND_STONE",
      "position": [
        1950,
        450
      ]
    },
    {
      "sprite": "DECORATION_GROUND_STONE",
      "position": [
        1950,
        400
      ]
    },
    {
      "sprite": "DECORATION_GROUND_STONE",
      "position": [
        2000,
        350
      ]
    },
    {
      "sprite": "DECORATION_GROUND_STONE",
      "position": [
        2000,
        400
      ]
    },
    {
      "sprite": "DECORATION_GROUND_STONE",
      "position": [
        2000,
        450
      ]
    },
    {
      "sprite": "DECORATION_GROUND_STONE",
      "position": [
        2050,
        500
      ]
    },
    {
      "sprite": "DECORATION_GROUND_STONE",
      "position": [
        2000,
        500
      ]
    },
    {
      "sprite": "DECORATION_GROUND_STONE",
      "position": [
        2050,
        450
      ]
    },
    {
      "sprite": "DECORATION_GROUND_STONE",
      "position": [
        2050,
        400
      ]
    },
    {
      "sprite": "DECORATION_GROUND_STONE",
      "position": [
        1500,
        700
      ]
    },
    {
      "sprite": "DECORATION_GROUND_STONE",
      "position": [
        1450,
        700
      ]
    },
    {
      "sprite": "DECORATION_GROUND_STONE",
      "position": [
        1400,
        700
      ]
    },
    {
      "sprite": "DECORATION_GROUND_STONE",
      "position": [
        1350,
        700
      ]
    },
    {
      "sprite": "DECORATION_GROUND_STONE",
      "position": [
        1300,
        700
      ]
    },
    {
      "sprite": "DECORATION_GROUND_STONE",
      "position": [
        1250,
        700
      ]
    },
    {
      "sprite": "DECORATION_GROUND_STONE",
      "position": [
        1250,
        750
      ]
    },
    {
      "sprite": "DECORATION_GROUND_STONE",
      "position": [
        1250,
        800
      ]
    },
    {
      "sprite": "DECORATION_GROUND_STONE",
      "position": [
        1250,
        850
      ]
    },
    {
      "sprite": "DECORATION_GROUND_STONE",
      "position": [
        1250,
        900
      ]
    },
    {
      "sprite": "DECORATION_GROUND_STONE",
      "position": [
        1250,
        950
      ]
    },
    {
      "sprite": "DECORATION_GROUND_STONE",
      "position": [
        1300,
        950
      ]
    },
    {
      "sprite": "DECORATION_GROUND_STONE",
      "position": [
        1350,
        950
      ]
    },
    {
      "sprite": "DECORATION_GROUND_STONE",
      "position": [
        1400,
        950
      ]
    },
    {
      "sprite": "DECORATION_GROUND_STONE",
      "position": [
        1450,
        950
      ]
    },
    {
      "sprite": "DECORATION_GROUND_STONE",
      "position": [
        1500,
        950
      ]
    },
    {
      "sprite": "DECORATION_GROUND_STONE",
      "position": [
        1550,
        950
      ]
    },
    {
      "sprite": "DECORATION_GROUND_STONE",
      "position": [
        1600,
        950
      ]
    },
    {
      "sprite": "DECORATION_GROUND_STONE",
      "position": [
        1700,
        950
      ]
    },
    {
      "sprite": "DECORATION_GROUND_STONE",
      "position": [
        1750,
        950
      ]
    },
    {
      "sprite": "DECORATION_GROUND_STONE",
      "position": [
        1800,
        950
      ]
    },
    {
      "sprite": "DECORATION_GROUND_STONE",
      "position": [
        1850,
        950
      ]
    },
    {
      "sprite": "DECORATION_GROUND_STONE",
      "position": [
        1900,
        950
      ]
    },
    {
      "sprite": "DECORATION_GROUND_STONE",
      "position": [
        1950,
        950
      ]
    },
    {
      "sprite": "DECORATION_GROUND_STONE",
      "position": [
        2000,
        950
      ]
    },
    {
      "sprite": "DECORATION_GROUND_STONE",
      "position": [
        2050,
        950
      ]
    },
    {
      "sprite": "DECORATION_GROUND_STONE",
      "position": [
        2100,
        950
      ]
    },
    {
      "sprite": "DECORATION_GROUND_STONE",
      "position": [
        2150,
        950
      ]
    },
    {
      "sprite": "DECORATION_GROUND_STONE",
      "position": [
        2150,
        900
      ]
    },
    {
      "sprite": "DECORATION_GROUND_STONE",
      "position": [
        2150,
        850
      ]
    },
    {
      "sprite": "DECORATION_GROUND_STONE",
      "position": [
        2150,
        800
      ]
    },
    {
      "sprite": "DECORATION_GROUND_STONE",
      "position": [
        2150,
        750
      ]
    },
    {
      "sprite": "DECORATION_GROUND_STONE",
      "position": [
        2150,
        700
      ]
    },
    {
      "sprite": "DECORATION_GROUND_STONE",
      "position": [
        2100,
        700
      ]
    },
    {
      "sprite": "DECORATION_GROUND_STONE",
      "position": [
        2050,
        700
      ]
    },
    {
      "sprite": "DECORATION_GROUND_STONE",
      "position": [
        2000,
        700
      ]
    },
    {
      "sprite": "DECORATION_GROUND_STONE",
      "position": [
        2000,
        650
      ]
    },
    {
      "sprite": "DECORATION_GROUND_STONE",
      "position": [
        2050,
        650
      ]
    },
    {
      "sprite": "DECORATION_GROUND_STONE",
      "position": [
        1950,
        650
      ]
    },
    {
      "sprite": "DECORATION_GROUND_STONE",
      "position": [
        1950,
        700
      ]
    },
    {
      "sprite": "DECORATION_GROUND_STONE",
      "position": [
        1900,
        700
      ]
    },
    {
      "sprite": "DECORATION_GROUND_STONE",
      "position": [
        1850,
        700
      ]
    },
    {
      "sprite": "DECORATION_GROUND_STONE",
      "position": [
        1800,
        700
      ]
    },
    {
      "sprite": "DECORATION_GROUND_STONE",
      "position": [
        1750,
        700
      ]
    },
    {
      "sprite": "DECORATION_GROUND_STONE",
      "position": [
        1700,
        700
      ]
    },
    {
      "sprite": "DECORATION_GROUND_STONE",
      "position": [
        1650,
        700
      ]
    },
    {
      "sprite": "DECORATION_GROUND_STONE",
      "position": [
        1600,
        700
      ]
    },
    {
      "sprite": "DECORATION_GROUND_STONE",
      "position": [
        1550,
        700
      ]
    },
    {
      "sprite": "DECORATION_GROUND_STONE",
      "position": [
        1450,
        750
      ]
    },
    {
      "sprite": "DECORATION_GROUND_STONE",
      "position": [
        1400,
        800
      ]
    },
    {
      "sprite": "DECORATION_GROUND_STONE",
      "position": [
        1350,
        800
      ]
    },
    {
      "sprite": "DECORATION_GROUND_STONE",
      "position": [
        1300,
        800
      ]
    },
    {
      "sprite": "DECORATION_GROUND_STONE",
      "position": [
        1300,
        750
      ]
    },
    {
      "sprite": "DECORATION_GROUND_STONE",
      "position": [
        1300,
        850
      ]
    },
    {
      "sprite": "DECORATION_GROUND_STONE",
      "position": [
        1300,
        900
      ]
    },
    {
      "sprite": "DECORATION_GROUND_STONE",
      "position": [
        1350,
        900
      ]
    },
    {
      "sprite": "DECORATION_GROUND_STONE",
      "position": [
        1350,
        850
      ]
    },
    {
      "sprite": "DECORATION_GROUND_STONE",
      "position": [
        1350,
        750
      ]
    },
    {
      "sprite": "DECORATION_GROUND_STONE",
      "position": [
        1400,
        750
      ]
    },
    {
      "sprite": "DECORATION_GROUND_STONE",
      "position": [
        1400,
        850
      ]
    },
    {
      "sprite": "DECORATION_GROUND_STONE",
      "position": [
        1400,
        900
      ]
    },
    {
      "sprite": "DECORATION_GROUND_STONE",
      "position": [
        1450,
        900
      ]
    },
    {
      "sprite": "DECORATION_GROUND_STONE",
      "position": [
        1450,
        850
      ]
    },
    {
      "sprite": "DECORATION_GROUND_STONE",
      "position": [
        1450,
        800
      ]
    },
    {
      "sprite": "DECORATION_GROUND_STONE",
      "position": [
        1500,
        750
      ]
    },
    {
      "sprite": "DECORATION_GROUND_STONE",
      "position": [
        1500,
        800
      ]
    },
    {
      "sprite": "DECORATION_GROUND_STONE",
      "position": [
        1500,
        850
      ]
    },
    {
      "sprite": "DECORATION_GROUND_STONE",
      "position": [
        1500,
        900
      ]
    },
    {
      "sprite": "DECORATION_GROUND_STONE",
      "position": [
        1550,
        900
      ]
    },
    {
      "sprite": "DECORATION_GROUND_STONE",
      "position": [
        1650,
        950
      ]
    },
    {
      "sprite": "DECORATION_GROUND_STONE",
      "position": [
        1600,
        900
      ]
    },
    {
      "sprite": "DECORATION_GROUND_STONE",
      "position": [
        1600,
        850
      ]
    },
    {
      "sprite": "DECORATION_GROUND_STONE",
      "position": [
        1550,
        800
      ]
    },
    {
      "sprite": "DECORATION_GROUND_STONE",
      "position": [
        1550,
        750
      ]
    },
    {
      "sprite": "DECORATION_GROUND_STONE",
      "position": [
        1550,
        850
      ]
    },
    {
      "sprite": "DECORATION_GROUND_STONE",
      "position": [
        1600,
        800
      ]
    },
    {
      "sprite": "DECORATION_GROUND_STONE",
      "position": [
        1600,
        750
      ]
    },
    {
      "sprite": "DECORATION_GROUND_STONE",
      "position": [
        1650,
        750
      ]
    },
    {
      "sprite": "DECORATION_GROUND_STONE",
      "position": [
        1700,
        750
      ]
    },
    {
      "sprite": "DECORATION_GROUND_STONE",
      "position": [
        1750,
        750
      ]
    },
    {
      "sprite": "DECORATION_GROUND_STONE",
      "position": [
        1800,
        750
      ]
    },
    {
      "sprite": "DECORATION_GROUND_STONE",
      "position": [
        1850,
        750
      ]
    },
    {
      "sprite": "DECORATION_GROUND_STONE",
      "position": [
        1950,
        750
      ]
    },
    {
      "sprite": "DECORATION_GROUND_STONE",
      "position": [
        2000,
        800
      ]
    },
    {
      "sprite": "DECORATION_GROUND_STONE",
      "position": [
        2050,
        800
      ]
    },
    {
      "sprite": "DECORATION_GROUND_STONE",
      "position": [
        2100,
        800
      ]
    },
    {
      "sprite": "DECORATION_GROUND_STONE",
      "position": [
        2100,
        750
      ]
    },
    {
      "sprite": "DECORATION_GROUND_STONE",
      "position": [
        2050,
        750
      ]
    },
    {
      "sprite": "DECORATION_GROUND_STONE",
      "position": [
        2000,
        750
      ]
    },
    {
      "sprite": "DECORATION_GROUND_STONE",
      "position": [
        1900,
        750
      ]
    },
    {
      "sprite": "DECORATION_GROUND_STONE",
      "position": [
        1900,
        800
      ]
    },
    {
      "sprite": "DECORATION_GROUND_STONE",
      "position": [
        1950,
        800
      ]
    },
    {
      "sprite": "DECORATION_GROUND_STONE",
      "position": [
        2000,
        850
      ]
    },
    {
      "sprite": "DECORATION_GROUND_STONE",
      "position": [
        2050,
        850
      ]
    },
    {
      "sprite": "DECORATION_GROUND_STONE",
      "position": [
        2100,
        850
      ]
    },
    {
      "sprite": "DECORATION_GROUND_STONE",
      "position": [
        2100,
        900
      ]
    },
    {
      "sprite": "DECORATION_GROUND_STONE",
      "position": [
        2050,
        900
      ]
    },
    {
      "sprite": "DECORATION_GROUND_STONE",
      "position": [
        2000,
        900
      ]
    },
    {
      "sprite": "DECORATION_GROUND_STONE",
      "position": [
        1950,
        900
      ]
    },
    {
      "sprite": "DECORATION_GROUND_STONE",
      "position": [
        1900,
        900
      ]
    },
    {
      "sprite": "DECORATION_GROUND_STONE",
      "position": [
        1850,
        900
      ]
    },
    {
      "sprite": "DECORATION_GROUND_STONE",
      "position": [
        1800,
        900
      ]
    },
    {
      "sprite": "DECORATION_GROUND_STONE",
      "position": [
        1700,
        900
      ]
    },
    {
      "sprite": "DECORATION_GROUND_STONE",
      "position": [
        1650,
        900
      ]
    },
    {
      "sprite": "DECORATION_GROUND_STONE",
      "position": [
        1650,
        850
      ]
    },
    {
      "sprite": "DECORATION_GROUND_STONE",
      "position": [
        1650,
        800
      ]
    },
    {
      "sprite": "DECORATION_GROUND_STONE",
      "position": [
        1700,
        800
      ]
    },
    {
      "sprite": "DECORATION_GROUND_STONE",
      "position": [
        1750,
        800
      ]
    },
    {
      "sprite": "DECORATION_GROUND_STONE",
      "position": [
        1800,
        800
      ]
    },
    {
      "sprite": "DECORATION_GROUND_STONE",
      "position": [
        1850,
        800
      ]
    },
    {
      "sprite": "DECORATION_GROUND_STONE",
      "position": [
        1950,
        850
      ]
    },
    {
      "sprite": "DECORATION_GROUND_STONE",
      "position": [
        1900,
        850
      ]
    },
    {
      "sprite": "DECORATION_GROUND_STONE",
      "position": [
        1800,
        850
      ]
    },
    {
      "sprite": "DECORATION_GROUND_STONE",
      "position": [
        1700,
        850
      ]
    },
    {
      "sprite": "DECORATION_GROUND_STONE",
      "position": [
        1750,
        850
      ]
    },
    {
      "sprite": "DECORATION_GROUND_STONE",
      "position": [
        1850,
        850
      ]
    },
    {
      "sprite": "DECORATION_GROUND_STONE",
      "position": [
        1750,
        900
      ]
    },
    {
      "sprite": "DECORATION_PLANT",
      "position": [
        75,
        275
      ]
    },
    {
      "sprite": "DECORATION_PLANT",
      "position": [
        25,
        325
      ]
    },
    {
      "sprite": "DECORATION_PLANT",
      "position": [
        -75,
        150
      ]
    },
    {
      "sprite": "DECORATION_PLANT",
      "position": [
        725,
        225
      ]
    },
    {
      "sprite": "DECORATION_PLANT",
      "position": [
        650,
        500
      ]
    },
    {
      "sprite": "DECORATION_PLANT",
      "position": [
        250,
        700
      ]
    },
    {
      "sprite": "DECORATION_PLANT",
      "position": [
        325,
        50
      ]
    },
    {
      "sprite": "DECORATION_PLANT",
      "position": [
        350,
        25
      ]
    },
    {
      "sprite": "DECORATION_PLANT",
      "position": [
        475,
        25
      ]
    },
    {
      "sprite": "DECORATION_GROUND_STONE",
      "position": [
        1350,
        1000
      ]
    },
    {
      "sprite": "DECORATION_GROUND_STONE",
      "position": [
        1350,
        1050
      ]
    },
    {
      "sprite": "DECORATION_GROUND_STONE",
      "position": [
        1300,
        1050
      ]
    },
    {
      "sprite": "DECORATION_GROUND_STONE",
      "position": [
        1250,
        1050
      ]
    },
    {
      "sprite": "DECORATION_GROUND_STONE",
      "position": [
        1250,
        1100
      ]
    },
    {
      "sprite": "DECORATION_GROUND_STONE",
      "position": [
        1250,
        1150
      ]
    },
    {
      "sprite": "DECORATION_GROUND_STONE",
      "position": [
        1250,
        1200
      ]
    },
    {
      "sprite": "DECORATION_GROUND_STONE",
      "position": [
        1250,
        1250
      ]
    },
    {
      "sprite": "DECORATION_GROUND_STONE",
      "position": [
        1250,
        1300
      ]
    },
    {
      "sprite": "DECORATION_GROUND_STONE",
      "position": [
        1250,
        1350
      ]
    },
    {
      "sprite": "DECORATION_GROUND_STONE",
      "position": [
        1300,
        1300
      ]
    },
    {
      "sprite": "DECORATION_GROUND_STONE",
      "position": [
        1350,
        1300
      ]
    },
    {
      "sprite": "DECORATION_GROUND_STONE",
      "position": [
        1400,
        1300
      ]
    },
    {
      "sprite": "DECORATION_GROUND_STONE",
      "position": [
        1450,
        1300
      ]
    },
    {
      "sprite": "DECORATION_GROUND_STONE",
      "position": [
        1500,
        1300
      ]
    },
    {
      "sprite": "DECORATION_GROUND_STONE",
      "position": [
        1550,
        1300
      ]
    },
    {
      "sprite": "DECORATION_GROUND_STONE",
      "position": [
        1500,
        1350
      ]
    },
    {
      "sprite": "DECORATION_GROUND_STONE",
      "position": [
        1450,
        1350
      ]
    },
    {
      "sprite": "DECORATION_GROUND_STONE",
      "position": [
        1400,
        1350
      ]
    },
    {
      "sprite": "DECORATION_GROUND_STONE",
      "position": [
        1350,
        1350
      ]
    },
    {
      "sprite": "DECORATION_GROUND_STONE",
      "position": [
        1300,
        1350
      ]
    },
    {
      "sprite": "DECORATION_GROUND_STONE",
      "position": [
        1600,
        1300
      ]
    },
    {
      "sprite": "DECORATION_GROUND_STONE",
      "position": [
        1650,
        1300
      ]
    },
    {
      "sprite": "DECORATION_GROUND_STONE",
      "position": [
        1700,
        1300
      ]
    },
    {
      "sprite": "DECORATION_GROUND_STONE",
      "position": [
        1600,
        1350
      ]
    },
    {
      "sprite": "DECORATION_GROUND_STONE",
      "position": [
        1550,
        1350
      ]
    },
    {
      "sprite": "DECORATION_GROUND_STONE",
      "position": [
        1650,
        1350
      ]
    },
    {
      "sprite": "DECORATION_GROUND_STONE",
      "position": [
        1700,
        1350
      ]
    },
    {
      "sprite": "DECORATION_GROUND_STONE",
      "position": [
        1750,
        1350
      ]
    },
    {
      "sprite": "DECORATION_GROUND_STONE",
      "position": [
        1800,
        1350
      ]
    },
    {
      "sprite": "DECORATION_GROUND_STONE",
      "position": [
        1850,
        1350
      ]
    },
    {
      "sprite": "DECORATION_GROUND_STONE",
      "position": [
        1900,
        1350
      ]
    },
    {
      "sprite": "DECORATION_GROUND_STONE",
      "position": [
        1950,
        1350
      ]
    },
    {
      "sprite": "DECORATION_GROUND_STONE",
      "position": [
        2000,
        1350
      ]
    },
    {
      "sprite": "DECORATION_GROUND_STONE",
      "position": [
        2050,
        1350
      ]
    },
    {
      "sprite": "DECORATION_GROUND_STONE",
      "position": [
        2050,
        1300
      ]
    },
    {
      "sprite": "DECORATION_GROUND_STONE",
      "position": [
        2100,
        1300
      ]
    },
    {
      "sprite": "DECORATION_GROUND_STONE",
      "position": [
        2100,
        1350
      ]
    },
    {
      "sprite": "DECORATION_GROUND_STONE",
      "position": [
        2150,
        1350
      ]
    },
    {
      "sprite": "DECORATION_GROUND_STONE",
      "position": [
        2150,
        1300
      ]
    },
    {
      "sprite": "DECORATION_GROUND_STONE",
      "position": [
        2150,
        1250
      ]
    },
    {
      "sprite": "DECORATION_GROUND_STONE",
      "position": [
        2150,
        1200
      ]
    },
    {
      "sprite": "DECORATION_GROUND_STONE",
      "position": [
        2150,
        1150
      ]
    },
    {
      "sprite": "DECORATION_GROUND_STONE",
      "position": [
        2150,
        1100
      ]
    },
    {
      "sprite": "DECORATION_GROUND_STONE",
      "position": [
        2150,
        1050
      ]
    },
    {
      "sprite": "DECORATION_GROUND_STONE",
      "position": [
        2100,
        1050
      ]
    },
    {
      "sprite": "DECORATION_GROUND_STONE",
      "position": [
        2050,
        1050
      ]
    },
    {
      "sprite": "DECORATION_GROUND_STONE",
      "position": [
        2000,
        1050
      ]
    },
    {
      "sprite": "DECORATION_GROUND_STONE",
      "position": [
        1950,
        1050
      ]
    },
    {
      "sprite": "DECORATION_GROUND_STONE",
      "position": [
        1900,
        1050
      ]
    },
    {
      "sprite": "DECORATION_GROUND_STONE",
      "position": [
        1850,
        1050
      ]
    },
    {
      "sprite": "DECORATION_GROUND_STONE",
      "position": [
        1800,
        1050
      ]
    },
    {
      "sprite": "DECORATION_GROUND_STONE",
      "position": [
        1750,
        1050
      ]
    },
    {
      "sprite": "DECORATION_GROUND_STONE",
      "position": [
        1700,
        1050
      ]
    },
    {
      "sprite": "DECORATION_GROUND_STONE",
      "position": [
        1650,
        1050
      ]
    },
    {
      "sprite": "DECORATION_GROUND_STONE",
      "position": [
        1600,
        1050
      ]
    },
    {
      "sprite": "DECORATION_GROUND_STONE",
      "position": [
        1550,
        1050
      ]
    },
    {
      "sprite": "DECORATION_GROUND_STONE",
      "position": [
        1500,
        1050
      ]
    },
    {
      "sprite": "DECORATION_GROUND_STONE",
      "position": [
        1450,
        1050
      ]
    },
    {
      "sprite": "DECORATION_GROUND_STONE",
      "position": [
        1400,
        1050
      ]
    },
    {
      "sprite": "DECORATION_GROUND_STONE",
      "position": [
        1400,
        1000
      ]
    },
    {
      "sprite": "DECORATION_GROUND_STONE",
      "position": [
        1450,
        1000
      ]
    },
    {
      "sprite": "DECORATION_GROUND_STONE",
      "position": [
        1300,
        1100
      ]
    },
    {
      "sprite": "DECORATION_GROUND_STONE",
      "position": [
        1300,
        1150
      ]
    },
    {
      "sprite": "DECORATION_GROUND_STONE",
      "position": [
        1300,
        1200
      ]
    },
    {
      "sprite": "DECORATION_GROUND_STONE",
      "position": [
        1300,
        1250
      ]
    },
    {
      "sprite": "DECORATION_GROUND_STONE",
      "position": [
        1350,
        1250
      ]
    },
    {
      "sprite": "DECORATION_GROUND_STONE",
      "position": [
        1400,
        1250
      ]
    },
    {
      "sprite": "DECORATION_GROUND_STONE",
      "position": [
        1450,
        1250
      ]
    },
    {
      "sprite": "DECORATION_GROUND_STONE",
      "position": [
        1500,
        1250
      ]
    },
    {
      "sprite": "DECORATION_GROUND_STONE",
      "position": [
        1550,
        1250
      ]
    },
    {
      "sprite": "DECORATION_GROUND_STONE",
      "position": [
        1600,
        1250
      ]
    },
    {
      "sprite": "DECORATION_GROUND_STONE",
      "position": [
        1650,
        1250
      ]
    },
    {
      "sprite": "DECORATION_GROUND_STONE",
      "position": [
        1700,
        1250
      ]
    },
    {
      "sprite": "DECORATION_GROUND_STONE",
      "position": [
        1750,
        1300
      ]
    },
    {
      "sprite": "DECORATION_GROUND_STONE",
      "position": [
        1800,
        1300
      ]
    },
    {
      "sprite": "DECORATION_GROUND_STONE",
      "position": [
        1850,
        1300
      ]
    },
    {
      "sprite": "DECORATION_GROUND_STONE",
      "position": [
        1900,
        1300
      ]
    },
    {
      "sprite": "DECORATION_GROUND_STONE",
      "position": [
        1950,
        1300
      ]
    },
    {
      "sprite": "DECORATION_GROUND_STONE",
      "position": [
        2000,
        1300
      ]
    },
    {
      "sprite": "DECORATION_GROUND_STONE",
      "position": [
        2000,
        1250
      ]
    },
    {
      "sprite": "DECORATION_GROUND_STONE",
      "position": [
        2050,
        1250
      ]
    },
    {
      "sprite": "DECORATION_GROUND_STONE",
      "position": [
        2100,
        1250
      ]
    },
    {
      "sprite": "DECORATION_GROUND_STONE",
      "position": [
        2100,
        1200
      ]
    },
    {
      "sprite": "DECORATION_GROUND_STONE",
      "position": [
        2100,
        1150
      ]
    },
    {
      "sprite": "DECORATION_GROUND_STONE",
      "position": [
        2100,
        1100
      ]
    },
    {
      "sprite": "DECORATION_GROUND_STONE",
      "position": [
        2050,
        1100
      ]
    },
    {
      "sprite": "DECORATION_GROUND_STONE",
      "position": [
        2000,
        1100
      ]
    },
    {
      "sprite": "DECORATION_GROUND_STONE",
      "position": [
        1950,
        1100
      ]
    },
    {
      "sprite": "DECORATION_GROUND_STONE",
      "position": [
        1900,
        1100
      ]
    },
    {
      "sprite": "DECORATION_GROUND_STONE",
      "position": [
        1850,
        1100
      ]
    },
    {
      "sprite": "DECORATION_GROUND_STONE",
      "position": [
        1850,
        1150
      ]
    },
    {
      "sprite": "DECORATION_GROUND_STONE",
      "position": [
        1800,
        1150
      ]
    },
    {
      "sprite": "DECORATION_GROUND_STONE",
      "position": [
        1750,
        1150
      ]
    },
    {
      "sprite": "DECORATION_GROUND_STONE",
      "position": [
        1700,
        1150
      ]
    },
    {
      "sprite": "DECORATION_GROUND_STONE",
      "position": [
        1650,
        1150
      ]
    },
    {
      "sprite": "DECORATION_GROUND_STONE",
      "position": [
        1600,
        1150
      ]
    },
    {
      "sprite": "DECORATION_GROUND_STONE",
      "position": [
        1550,
        1150
      ]
    },
    {
      "sprite": "DECORATION_GROUND_STONE",
      "position": [
        1500,
        1150
      ]
    },
    {
      "sprite": "DECORATION_GROUND_STONE",
      "position": [
        1450,
        1150
      ]
    },
    {
      "sprite": "DECORATION_GROUND_STONE",
      "position": [
        1400,
        1150
      ]
    },
    {
      "sprite": "DECORATION_GROUND_STONE",
      "position": [
        1400,
        1100
      ]
    },
    {
      "sprite": "DECORATION_GROUND_STONE",
      "position": [
        1350,
        1100
      ]
    },
    {
      "sprite": "DECORATION_GROUND_STONE",
      "position": [
        1350,
        1150
      ]
    },
    {
      "sprite": "DECORATION_GROUND_STONE",
      "position": [
        1350,
        1200
      ]
    },
    {
      "sprite": "DECORATION_GROUND_STONE",
      "position": [
        1400,
        1200
      ]
    },
    {
      "sprite": "DECORATION_GROUND_STONE",
      "position": [
        1450,
        1200
      ]
    },
    {
      "sprite": "DECORATION_GROUND_STONE",
      "position": [
        1500,
        1200
      ]
    },
    {
      "sprite": "DECORATION_GROUND_STONE",
      "position": [
        1550,
        1200
      ]
    },
    {
      "sprite": "DECORATION_GROUND_STONE",
      "position": [
        1600,
        1200
      ]
    },
    {
      "sprite": "DECORATION_GROUND_STONE",
      "position": [
        1650,
        1200
      ]
    },
    {
      "sprite": "DECORATION_GROUND_STONE",
      "position": [
        1750,
        1250
      ]
    },
    {
      "sprite": "DECORATION_GROUND_STONE",
      "position": [
        1800,
        1250
      ]
    },
    {
      "sprite": "DECORATION_GROUND_STONE",
      "position": [
        1850,
        1250
      ]
    },
    {
      "sprite": "DECORATION_GROUND_STONE",
      "position": [
        1900,
        1250
      ]
    },
    {
      "sprite": "DECORATION_GROUND_STONE",
      "position": [
        1950,
        1250
      ]
    },
    {
      "sprite": "DECORATION_GROUND_STONE",
      "position": [
        1950,
        1200
      ]
    },
    {
      "sprite": "DECORATION_GROUND_STONE",
      "position": [
        2000,
        1200
      ]
    },
    {
      "sprite": "DECORATION_GROUND_STONE",
      "position": [
        2050,
        1200
      ]
    },
    {
      "sprite": "DECORATION_GROUND_STONE",
      "position": [
        2050,
        1150
      ]
    },
    {
      "sprite": "DECORATION_GROUND_STONE",
      "position": [
        2000,
        1150
      ]
    },
    {
      "sprite": "DECORATION_GROUND_STONE",
      "position": [
        1950,
        1150
      ]
    },
    {
      "sprite": "DECORATION_GROUND_STONE",
      "position": [
        1900,
        1150
      ]
    },
    {
      "sprite": "DECORATION_GROUND_STONE",
      "position": [
        1900,
        1200
      ]
    },
    {
      "sprite": "DECORATION_GROUND_STONE",
      "position": [
        1850,
        1200
      ]
    },
    {
      "sprite": "DECORATION_GROUND_STONE",
      "position": [
        1800,
        1200
      ]
    },
    {
      "sprite": "DECORATION_GROUND_STONE",
      "position": [
        1750,
        1200
      ]
    },
    {
      "sprite": "DECORATION_GROUND_STONE",
      "position": [
        1700,
        1200
      ]
    },
    {
      "sprite": "DECORATION_GROUND_STONE",
      "position": [
        1750,
        1100
      ]
    },
    {
      "sprite": "DECORATION_GROUND_STONE",
      "position": [
        1800,
        1100
      ]
    },
    {
      "sprite": "DECORATION_GROUND_STONE",
      "position": [
        1700,
        1100
      ]
    },
    {
      "sprite": "DECORATION_GROUND_STONE",
      "position": [
        1650,
        1100
      ]
    },
    {
      "sprite": "DECORATION_GROUND_STONE",
      "position": [
        1600,
        1100
      ]
    },
    {
      "sprite": "DECORATION_GROUND_STONE",
      "position": [
        1550,
        1100
      ]
    },
    {
      "sprite": "DECORATION_GROUND_STONE",
      "position": [
        1500,
        1100
      ]
    },
    {
      "sprite": "DECORATION_GROUND_STONE",
      "position": [
        1450,
        1100
      ]
    }
  ],
  "portals": [
    {
      "portal_id": "GOBLIN_HIDEOUT_REMOTE",
      "position": [
        325,
        150
      ]
    },
    {
      "portal_id": "GOBLIN_HIDEOUT_BASE",
      "position": [
        1500,
        375
      ]
    }
  ],
  "chests": []
}